DATE,OPEN,HIGH,LOW,CLOSE,NO. OF SHARES,NO. OF TRADES
23-03-2016,80.5,80.5,78.4,79,99183,1371
22-03-2016,82,83,79.3,79.95,197221,2543
21-03-2016,79.5,80.4,78.4,79.1,78799,1518
18-03-2016,78.1,82,77,79.2,264325,4304
17-03-2016,79,81.5,77.7,78.1,244979,4083
16-03-2016,77.5,77.8,75.4,75.9,67077,1094
15-03-2016,78.1,78.8,76.45,76.85,111981,1716
14-03-2016,80.6,80.8,77.4,77.95,98599,1785
11-03-2016,80.05,81.5,79,79.45,102395,1953
10-03-2016,80.15,82.5,79,79.5,132181,2210
09-03-2016,80.55,81,78.5,79.9,109932,1979
08-03-2016,81.65,83.4,80,80.45,124072,1846
04-03-2016,80,83.85,79.1,81.25,171717,3034
03-03-2016,81.2,81.8,78.5,80.25,173243,2985
02-03-2016,75.5,82.7,75.5,80.4,354478,4738
01-03-2016,73.95,74.9,73.15,74.25,98000,1423
29-02-2016,73.1,76.6,71.4,72.9,183714,3173
26-02-2016,74.7,75.7,72.6,73,78761,1699
25-02-2016,74.4,78.3,72,74.1,192715,3242
24-02-2016,77.7,80.4,73.2,73.8,257532,4448
23-02-2016,83.6,83.6,80,80.4,73842,1368
22-02-2016,84.8,85,82.2,82.9,102836,2048
19-02-2016,85.2,88,82.2,83,129185,2678
18-02-2016,90.4,91.6,84.7,85.5,168619,2775
17-02-2016,91.5,93,88.9,89.8,162209,2814
16-02-2016,93,94.1,89.1,90.4,263435,5162
15-02-2016,78,100.4,76.7,90.3,1029221,15326
12-02-2016,93.5,95.9,86.5,90,122242,2270
11-02-2016,101.7,104,92.6,94.1,316532,4862
09-02-2016,100.1,105.2,98.7,100.1,138458,2351
08-02-2016,97,105.4,96,101.3,217464,4459
05-02-2016,97,98.8,95.8,96.9,80494,1244
04-02-2016,97.4,98.8,95,96.2,83318,1412
03-02-2016,99,99,94.5,95.7,62113,1132
02-02-2016,103.1,103.1,98.3,99,87695,1459
01-02-2016,105.6,105.9,101.1,102.3,145484,2517
29-01-2016,101.9,111,101.9,105,492805,8275
28-01-2016,98.2,98.2,95.8,96.3,48571,755
27-01-2016,99.7,99.7,97.4,98.2,34873,701
22-01-2016,95.9,98,94.2,96.5,87963,1698
21-01-2016,97.9,100.7,93,93.6,162722,3026
20-01-2016,102,102,94.5,96,107280,1612
19-01-2016,102.1,105.8,101,102.5,72940,1786
18-01-2016,100.8,110,97.7,101.6,239817,4771
15-01-2016,106.1,107.2,100.1,100.9,93742,1626
14-01-2016,105.6,107.1,104,104.9,88284,1407
13-01-2016,116.6,117.3,105.1,108.2,169064,2340
12-01-2016,116.4,118.1,114.2,114.9,47339,810
07-01-2016,116,118.5,114,114.5,90766,1438
06-01-2016,124.2,126.8,118.1,118.8,152354,2368
05-01-2016,125.6,129.8,123.1,124.2,209969,3072
04-01-2016,124.8,128.4,123.1,124.2,160606,2248
01-01-2016,116.3,130.6,116.3,124.6,559451,9024
31-12-2015,117.9,119.3,115.2,116.2,102306,1531
30-12-2015,119.9,120.8,117.1,117.6,107005,1836
29-12-2015,119.5,121,118,119,188511,2569
28-12-2015,117.3,121.4,117.3,118.9,177376,3084
23-12-2015,124.4,125.5,119.5,120.4,171632,3105
21-12-2015,122.8,126.4,121.3,122.5,393626,6003
18-12-2015,126,128,122.1,122.9,177298,3201
17-12-2015,125.8,129.7,124.1,127.1,265584,5367
16-12-2015,133.1,133.1,123.6,124.9,496230,9130
15-12-2015,121.95,134.3,121.9,131.35,1391854,22078
14-12-2015,99.05,119.5,98.8,119.5,971448,10561
11-12-2015,102.2,102.2,99.15,99.6,40071,982
10-12-2015,102.25,102.25,99.7,100.5,54518,894
09-12-2015,98.5,103.7,97,100.45,134922,2473
08-12-2015,101.95,102.1,99.1,99.6,34774,609
07-12-2015,102.65,103.25,101.5,102.15,24472,472
04-12-2015,102.25,103.75,101.7,101.95,29776,609
03-12-2015,102.3,105.15,102,103.1,77781,1279
02-12-2015,103.5,104,102.35,103,38857,776
01-12-2015,102.75,105.2,102,102.95,72270,1300
30-11-2015,101.5,104.25,100.7,102.85,97202,1469
26-11-2015,101.55,102.4,101,101.55,29084,646
24-11-2015,101.5,102.9,100.8,101.55,47651,765
23-11-2015,104.1,104.1,101.1,101.45,35244,589
20-11-2015,102.4,104.75,100.7,102.05,113435,1842
19-11-2015,102,103,99,100.1,45767,1062
18-11-2015,103.3,104.9,101.6,101.75,55245,1109
17-11-2015,102.6,106,102.4,103.25,100755,2013
16-11-2015,100,105,98.45,102.8,112934,2266
13-11-2015,102,102,99,99.95,36499,876
11-11-2015,103.25,103.7,102.2,102.85,14164,212
10-11-2015,101.9,105.75,99,101.95,204597,3369
09-11-2015,98.2,98.9,95.45,98.3,46976,1068
06-11-2015,104,104,100,100.35,53149,1126
05-11-2015,108.6,109.45,103.3,103.75,65355,1391
04-11-2015,111,111.7,108,108.4,53723,972
03-11-2015,111.3,113.4,110.2,110.9,61091,1225
02-11-2015,112,112.95,109.7,110.45,43490,917
30-10-2015,114.9,114.9,111,111.65,43498,1073
29-10-2015,114.1,114.9,113.1,113.75,49690,875
28-10-2015,113.9,114.2,111.6,113.1,60800,1331
27-10-2015,111.75,113.8,111.3,112.55,52176,1223
26-10-2015,114.25,114.7,111.3,111.8,66641,1119
23-10-2015,114.9,116.65,113.4,114.05,90916,2128
21-10-2015,114.45,116.25,113,114.1,127765,2409
20-10-2015,114.85,115,112.6,113.1,90896,2483
19-10-2015,112.35,115.85,112,113.4,90934,1997
16-10-2015,116.9,116.9,110.95,112.25,107433,2255
15-10-2015,115.65,116.7,114.1,114.65,86788,1627
14-10-2015,113.9,114.75,112.55,113.4,47576,939
13-10-2015,114,116.05,113.25,113.9,92797,1741
12-10-2015,113.6,114.9,113.15,113.45,40515,1063
09-10-2015,115.35,115.8,113.5,114.15,70488,1447
08-10-2015,114.7,117.7,112.7,114.35,213103,4227
07-10-2015,114.15,116.65,113,113.7,120789,1912
06-10-2015,112.5,117.6,110.7,113.5,176216,3175
05-10-2015,112.6,112.6,110.5,111.1,61357,1169
01-10-2015,112.6,113.5,110.35,110.7,59443,1357
30-09-2015,113.8,114.7,111.1,111.7,69142,1458
29-09-2015,111.9,113.5,109.25,112.7,82615,1599
28-09-2015,114,117.4,112.65,113.15,99862,1908
24-09-2015,115,115,113.3,113.7,56123,1124
23-09-2015,114.5,117,113.55,113.9,88237,1675
22-09-2015,117.5,117.5,113.1,113.55,84234,1446
21-09-2015,113.55,118.4,113.25,117.55,100666,2299
18-09-2015,118,119.6,113.55,114.1,112129,2297
16-09-2015,116.55,117.65,114.1,115.85,87699,1644
15-09-2015,118.5,119.4,115,116.1,93290,2026
14-09-2015,119.5,121.4,114,118.4,194105,3675
11-09-2015,111.95,122,110.1,116.45,740367,14064
10-09-2015,106.2,113.25,105.3,110.05,226210,5077
09-09-2015,111.7,112.85,107.5,108.65,170536,2828
08-09-2015,113,116.4,108.25,109.65,456193,8537
07-09-2015,101.85,117.4,101.5,110.8,827040,15078
04-09-2015,111.95,112.25,98.3,99.95,268998,4676
03-09-2015,111.85,115.2,111.8,113,52279,1240
02-09-2015,116.9,118.7,109,110.45,110404,2338
01-09-2015,122.5,125.8,114.2,115.5,181338,2640
31-08-2015,122,122,117.6,118.25,62724,739
28-08-2015,123,125.1,120.2,120.75,83029,1726
27-08-2015,119.9,123.5,119,120.05,92994,2256
26-08-2015,115,120.7,115,115.85,96374,2049
25-08-2015,124,128,110,117.6,131186,2233
24-08-2015,135.3,135.3,121,123.45,96958,2053
21-08-2015,141.5,142,136.9,138.3,89140,1661
20-08-2015,149.7,149.7,142,143.5,90392,1705
19-08-2015,149.4,156.4,146.5,147.35,113573,2269
18-08-2015,146.8,152.25,145.8,148.1,91551,1927
17-08-2015,147.5,147.5,143.2,145.4,42554,1094
14-08-2015,148.8,148.8,141.55,144.5,65685,1662
13-08-2015,146.95,151.15,143.8,144.85,52442,1460
12-08-2015,152,154.5,148.9,149.55,53094,1407
11-08-2015,154.85,155,152.35,152.75,48291,929
10-08-2015,155.55,157,152.35,153.55,128389,2498
07-08-2015,165.65,167.5,159.1,160.2,119999,2549
06-08-2015,159.4,169.6,159.4,164.6,386208,8132
05-08-2015,152,163,151.6,157.8,298751,6084
04-08-2015,153,153.45,150.1,150.55,63582,1177
03-08-2015,149,155.7,148.7,152,141497,2854
31-07-2015,148.5,151.85,147.3,148.65,52648,1118
30-07-2015,150.3,151.15,148.5,149.35,46354,927
29-07-2015,148.7,152.75,148.45,149.2,68096,1341
28-07-2015,150,152,147.6,148.5,72432,1072
27-07-2015,146,152.9,146,149.8,53824,1274
24-07-2015,153.75,157.7,152,152.7,115902,2500
23-07-2015,153.7,155.4,152.6,152.95,41299,1086
22-07-2015,152.5,156.4,151.5,153.2,79193,1804
21-07-2015,154.6,156.45,151.2,152.2,89832,1606
20-07-2015,155.5,156.15,153.4,154.05,40908,944
17-07-2015,156.25,157.55,154.4,154.75,59281,1120
16-07-2015,157.8,159.8,154.7,155.4,127006,2602
15-07-2015,156.55,158.8,154.8,156.1,120386,2729
14-07-2015,156.85,156.9,153.75,154.2,60169,1112
13-07-2015,155,159,155,155.65,75563,1912
10-07-2015,152.2,163.5,150.85,154.75,402301,8181
09-07-2015,152.1,153.65,150.1,150.7,51008,1139
08-07-2015,151.5,154.2,150.4,151.1,63289,1253
07-07-2015,155.7,157.5,153.4,154.45,81413,1992
06-07-2015,151.1,155.2,150.7,153.9,106007,2655
03-07-2015,157,158.55,153,154.35,108813,2632
02-07-2015,155.5,162,154.4,156.05,251292,5442
01-07-2015,152.1,159.3,152.1,154.55,203793,4383
30-06-2015,151.3,156.3,151.3,152.5,110134,2712
29-06-2015,154.6,154.6,148.2,151.35,94413,2693
26-06-2015,154,161.8,152.1,154.6,199362,4803
25-06-2015,156.1,156.5,152.6,153.75,84290,2313
24-06-2015,159.3,163.95,154.2,155.8,158994,4566
23-06-2015,157.95,162.4,154.05,158.5,96935,2704
22-06-2015,156.9,160.8,152.6,157.2,118115,3641
19-06-2015,166,167.3,154,155.4,224845,5329
18-06-2015,161.5,168,156.4,161.9,453334,10092
17-06-2015,138,163.5,137.35,160.25,647285,14834
16-06-2015,138.5,139,135,137.25,36315,929
15-06-2015,138,140,137.9,138.2,35087,851
12-06-2015,138.5,140.95,137.2,138.05,41225,1073
11-06-2015,142.2,145,139.1,139.55,45371,1203
10-06-2015,139.25,144.1,139,141.7,59274,1537
09-06-2015,144.8,144.8,138.35,139.25,63878,1967
08-06-2015,148,149.3,142.3,143.2,46987,1346
05-06-2015,147,150.75,145.45,147.2,57174,1783
04-06-2015,150,152,144.55,146.75,53936,1924
03-06-2015,159,161.1,142.8,148.45,94547,2899
02-06-2015,162.65,163.45,159.05,159.3,40388,975
01-06-2015,163.35,165.5,161.6,161.95,53542,1417
29-05-2015,162.1,164.5,162.1,162.65,43295,1145
28-05-2015,163.3,165,161.5,162.1,39481,923
27-05-2015,164.5,165,162.3,162.6,45849,1274
26-05-2015,168.25,168.25,165,165.65,31907,937
25-05-2015,170.05,171.1,166.9,167.5,59118,1534
22-05-2015,170,170.45,166,166.85,65071,1500
21-05-2015,170.25,172.5,167,169.15,72588,1889
20-05-2015,170.3,173.15,169,169.55,90546,2345
19-05-2015,170.2,171.3,168,169.4,66240,1762
18-05-2015,168,172.4,166.65,169.2,68018,2105
15-05-2015,166.05,174,166,168.3,223426,5676
14-05-2015,166,167.35,163.3,165.05,67758,1933
13-05-2015,163.3,168,162,164.9,115208,2431
12-05-2015,168.1,168.95,161.6,162.05,53704,1360
11-05-2015,166.05,169,165.5,167.65,58898,1716
08-05-2015,165,168.4,164.3,165.2,72772,3661
07-05-2015,168.8,168.85,159,162.5,72675,3632
06-05-2015,173,174.3,167.8,169,81866,3951
05-05-2015,172,175,171.4,173,107962,5262
04-05-2015,173,176.5,169.45,172.2,116553,7230
30-04-2015,166,180.8,164.4,172.25,229036,12527
29-04-2015,165,169,162.5,166.35,98573,5264
28-04-2015,165.25,167.5,161.95,164,86122,4236
27-04-2015,172.75,172.75,163.4,163.85,82961,3918
24-04-2015,177.75,179,170.05,170.9,84596,3607
23-04-2015,181,182,176.4,177.15,75688,3335
22-04-2015,178.4,186.7,178.1,179.95,153414,7306
21-04-2015,178.3,182.2,176.2,177.25,109742,5486
20-04-2015,185.95,186.95,178,179.2,98853,4378
17-04-2015,189,192,185.2,185.95,106702,5028
16-04-2015,194.3,196.25,186.3,188.35,122702,5489
15-04-2015,193.25,198.55,191,192.45,122600,5739
13-04-2015,194.6,199.5,192.25,192.9,180381,8032
10-04-2015,195.2,199.95,193.1,194.1,164654,8020
09-04-2015,197.1,199.85,192.5,194.35,139330,6189
08-04-2015,193.05,203,193.05,197.05,377829,15321
07-04-2015,189.5,205.8,186.6,192.7,497127,20324
06-04-2015,192,192.55,186.65,187.55,107977,5705
01-04-2015,189.9,198,186.05,190.8,415004,19356
31-03-2015,173.4,199,170.1,191.75,1177766,41023
30-03-2015,168.5,172.8,167.3,169.4,135156,5816
27-03-2015,179,179,165,165.9,139308,5794
26-03-2015,177.4,181,171.15,172.75,101414,4579
25-03-2015,179.9,182.45,176,178.1,124710,6120
24-03-2015,187.4,188.85,178.6,179.25,122547,5571
23-03-2015,188.7,193.6,186,186.8,170485,7022
20-03-2015,193.4,201,184.75,187.05,299643,13066
19-03-2015,193.85,202.05,188.1,191.3,300166,13064
18-03-2015,190,199.1,183.6,190.65,413347,17702
17-03-2015,182.3,197.1,173.7,190.35,457226,19041
16-03-2015,188.3,188.9,179.8,181,108731,4980
13-03-2015,194.5,196.8,186.5,187.15,154840,6125
12-03-2015,195,198.8,192.8,193.75,237915,9222
11-03-2015,201.75,203,193.3,194.45,154563,6393
10-03-2015,204,209.8,198,201.05,201152,9050
09-03-2015,198,215,196.25,202.3,438620,18408
05-03-2015,201.9,205.5,196.25,198.7,269314,11850
04-03-2015,203,209,196.15,199.2,578970,25522
03-03-2015,218.1,222.4,202.3,205.3,1584270,55584
02-03-2015,179.1,214.4,178.25,214.4,1425656,48455
28-02-2015,174.3,184.7,173.1,178.7,501777,19146
27-02-2015,173,176.3,171.9,173,96175,3611
26-02-2015,176.2,178.9,171.8,172.5,75005,3226
25-02-2015,180.05,182.25,175.35,175.85,102360,3998
24-02-2015,181.15,182.55,177.1,178.55,70712,3099
23-02-2015,181.3,186.8,180.05,181.1,161388,6455
20-02-2015,180.85,184.6,179.1,180.05,94861,3385
19-02-2015,182.4,184,178.6,179.95,85896,3186
18-02-2015,183.25,185.75,181.25,182.35,104076,4544
16-02-2015,178.3,187.3,177.05,182.55,198851,8580
13-02-2015,180,181.5,176.5,176.85,89988,3752
12-02-2015,177,186.8,176,180.05,199141,8958
11-02-2015,174.3,181,173.6,178.85,124399,5217
10-02-2015,176.5,179.2,172.55,173.5,83523,3320
06-02-2015,196,196.3,175.8,181.95,336311,12434
05-02-2015,200.8,204.7,195.5,196.8,160419,6064
04-02-2015,200.5,206,197.2,197.9,199623,6167
03-02-2015,202.1,203.95,198,199.15,102139,3506
02-02-2015,202,205.45,201.1,201.75,104761,3685
30-01-2015,197.9,210,197.15,201.5,350618,13572
29-01-2015,197,200.85,194.45,195.65,127152,5162
28-01-2015,195.25,202,193.35,195.8,140010,6542
27-01-2015,197.45,199.9,194.2,195.45,83336,3818
23-01-2015,203,204.05,195.6,196.75,119464,5173
22-01-2015,202.5,205,201,201.55,81460,2926
21-01-2015,206.6,207.7,202,202.7,87642,2808
20-01-2015,204.9,210.7,204.05,205.6,213770,7590
19-01-2015,203.25,207.95,203.25,204.05,87795,3176
16-01-2015,204.55,206.5,201.75,202.25,81272,3551
15-01-2015,202.55,207.8,202.55,204.2,85564,2993
14-01-2015,205.7,208,201.15,203.3,85070,3360
13-01-2015,206.4,208,203.5,204.7,71071,2860
12-01-2015,204.45,210.45,203.9,205.75,115869,5199
09-01-2015,207.8,212.3,202.5,204.3,154444,6472
08-01-2015,207,210.05,205.7,206.95,106272,4385
07-01-2015,206.5,210,202,205.2,208852,7711
06-01-2015,209.45,209.45,201,202.35,125074,4926
05-01-2015,210.3,213.95,209.5,210.35,136956,5158
02-01-2015,213.45,218.6,208.6,210.45,287530,11142
01-01-2015,202.5,214.85,202.5,212.05,296706,10225
31-12-2014,203.9,206.8,202.4,203,122815,4260
29-12-2014,206.15,211.2,205.1,206.4,172005,7233
26-12-2014,203.5,212,201,205.85,301483,10855
24-12-2014,206.7,209.5,199.75,202.15,128787,5666
23-12-2014,210.8,214,204,205.1,159294,6258
22-12-2014,204,213.4,203.2,208.5,259999,11628
19-12-2014,194.3,222.7,194.3,203.55,670212,27571
18-12-2014,190.4,199,190.4,193.8,150045,6253
17-12-2014,190,195.5,182.9,187.7,166514,6907
16-12-2014,203.1,205.4,190,192.2,164780,6338
15-12-2014,207.2,214,204,205.2,153570,6126
12-12-2014,215,216.8,208,209.05,148016,6276
11-12-2014,214.3,220,210.8,211.7,248520,9729
10-12-2014,207.6,221,207.6,213.85,362469,15862
09-12-2014,225,225.3,206.15,208.25,325629,12253
08-12-2014,222.05,231.3,221.25,223.85,222858,9579
05-12-2014,227.9,233,219.55,222,386657,14466
04-12-2014,229.4,239,225.4,228.2,870227,30133
03-12-2014,186,225.3,186,213.65,693150,17390
02-12-2014,182.5,192,181.1,187.75,184199,7551
01-12-2014,182.5,186.9,182,184.15,73507,2956
28-11-2014,187.15,188.75,182.5,183.2,113254,3956
27-11-2014,190,190.9,183.25,185.65,106620,4425
26-11-2014,187.15,194.5,187.15,189.05,318331,11352
25-11-2014,183.6,186,178.5,180.85,99966,3726
24-11-2014,190,190.85,178.05,185.45,102881,3971
21-11-2014,191.05,194.85,186.75,188.3,320657,11281
20-11-2014,185.1,187.4,182.7,184.15,93394,3556
19-11-2014,190,192.9,186.5,187.55,131735,5019
18-11-2014,186.5,194.5,186.5,189.9,319341,11596
17-11-2014,184,189.9,180.05,182.05,241747,10532
14-11-2014,190,191.05,175.9,185.4,175026,8000
13-11-2014,193.1,196.5,182.4,189.25,269702,10387
12-11-2014,187.15,196.8,185.65,190.9,431002,14511
11-11-2014,190,191.85,187,187.95,161023,5906
10-11-2014,190,193.75,187,189.75,324339,11654
07-11-2014,184.8,186.95,181.1,182.65,303813,10232
05-11-2014,181,183.9,176.6,179.6,343896,11661
03-11-2014,175.1,183.7,175.1,180.3,349337,12028
31-10-2014,180,182.75,172.4,174.6,327841,11283
30-10-2014,185,185.65,178.35,179.6,215068,7874
29-10-2014,186.9,191.4,181.1,182.3,279507,10215
28-10-2014,186,195,179.45,184.15,557700,18042
27-10-2014,199,205.85,184.5,186.9,900151,29641
23-10-2014,183.2,198.4,183.2,196,649338,20533
22-10-2014,135.75,187.5,135.75,179.9,4591744,140714
21-10-2014,213.4,217.5,169.65,169.65,416660,13091
20-10-2014,214.1,218.5,210.85,212.05,80780,3582
17-10-2014,212,217.5,210,210.95,142077,6620
16-10-2014,218.95,229.4,208,211.2,284921,12012
14-10-2014,231.1,233.55,219.2,220.85,153536,6886
13-10-2014,228.7,238,225.4,231,222558,10331
10-10-2014,212.5,242.05,209.9,231.05,941546,34751
09-10-2014,212.85,216,210.9,212.15,72794,3645
08-10-2014,218.9,218.9,207.75,208.5,82531,3911
07-10-2014,219.5,222.85,214.85,216.25,63961,2822
01-10-2014,225,225,216.1,217.45,97931,4370
30-09-2014,231.8,232.3,222.65,223.5,116227,5173
29-09-2014,220.1,235,220.1,228.3,199052,8065
26-09-2014,203,222,198.3,217.45,300470,12748
25-09-2014,228,228.1,202.9,203.4,178942,7883
24-09-2014,233.1,235.65,224.7,225.4,84361,4052
23-09-2014,234,243.9,231.25,232.85,181742,7189
22-09-2014,240.5,242,229.5,233.55,126536,5225
19-09-2014,244,246,239,240.5,92206,3643
18-09-2014,242.85,248,241.2,242.5,139996,5733
17-09-2014,243.9,248.1,240.35,241.75,100732,4269
16-09-2014,255,260.85,242.1,244.05,221313,9346
15-09-2014,252.5,255.5,250,251.45,100481,4133
12-09-2014,257.75,258.85,251.1,252.1,106745,4565
11-09-2014,256,262,255.2,257.05,108345,4931
10-09-2014,254,260.25,250,254.25,128596,5325
09-09-2014,256,259.35,252.1,253.35,119720,5008
08-09-2014,262.8,265,254,255.35,117544,5277
05-09-2014,256.1,266,253.2,260.3,201217,9939
04-09-2014,251.35,258.8,247.9,255.2,222448,10178
03-09-2014,250,254.5,248.55,250.55,139339,5414
02-09-2014,255,259.8,250,251.85,146052,6382
01-09-2014,254,259.65,252,254.8,115614,5258
28-08-2014,263,265.4,252.8,254.2,281739,12195
27-08-2014,259.95,265,250.25,261.5,501857,19575
26-08-2014,270,272,259,259,170724,6098
25-08-2014,273,280.7,270,272.6,578974,18181
22-08-2014,258.4,267.75,257.1,267.35,643231,15255
21-08-2014,246,255.7,246,255,481934,14549
20-08-2014,249,254.25,237,243.55,505395,19861
19-08-2014,263,266.8,248.25,248.25,400545,13425
18-08-2014,276,276,260.4,261.3,309615,15765
14-08-2014,271,279,270,274.1,202505,9308
13-08-2014,283.2,286,267.85,268.2,205213,9381
12-08-2014,282,290,278.75,281.9,223199,8808
11-08-2014,287.1,293,280.4,282.75,222696,10180
08-08-2014,295,298.55,284.7,285.2,211278,9174
07-08-2014,293,302.7,279,299.65,402309,15253
06-08-2014,307.5,312.8,288,290.85,567083,21766
05-08-2014,273.8,302.6,273.8,302.6,811065,29201
04-08-2014,298.7,298.7,288.2,288.2,189273,6345
01-08-2014,312.15,318,303.35,303.35,296178,11071
31-07-2014,325,337.2,312.45,319.3,1085547,32667
30-07-2014,346,350.5,328.85,328.85,252319,8934
28-07-2014,352,363.45,341.3,346.15,390988,16213
25-07-2014,375,384,347.6,352.35,1373679,49156
24-07-2014,342.5,365.75,341.5,365.75,499971,13577
23-07-2014,305.9,332.5,305,332.5,1524505,40783
22-07-2014,280,303.6,280,302.3,1374770,40854
21-07-2014,272.25,288.1,270.5,276,767509,30758
18-07-2014,277.5,278.5,265.1,267.35,329013,12411
17-07-2014,270.1,285.4,270,277.4,780258,27577
16-07-2014,249,268.05,243.35,268.05,1256480,38881
15-07-2014,225,243.7,216.55,243.7,313692,10392
14-07-2014,231.8,232.65,220.5,221.55,101730,4402
11-07-2014,242,247,226.45,228.9,142954,5977
10-07-2014,246,248.45,236.45,241.05,185222,8320
09-07-2014,259,263.9,243,246.15,254456,10204
08-07-2014,260.1,266.8,251.85,255.05,220781,8341
07-07-2014,261.2,265,257.7,259.25,81692,3711
04-07-2014,260.9,264.2,257.55,259.95,125661,4762
03-07-2014,270,271.2,259.8,261.65,83459,3171
02-07-2014,256,268.95,256,268.65,377308,8507
01-07-2014,254,258.5,253.1,256.15,66190,2713
30-06-2014,256,259.85,245,252.2,79610,4125
27-06-2014,261,263.2,253.6,254.45,94508,3892
26-06-2014,260,262.9,257.5,258.1,93469,4290
25-06-2014,258,265.7,257.1,258.65,132596,5955
24-06-2014,257.9,262.8,254.75,256.9,72653,3121
23-06-2014,260.2,265,255.05,256.5,68714,3606
20-06-2014,261,264.25,258,259.85,85741,4456
19-06-2014,265,268,260.05,261.65,59414,2894
18-06-2014,261,271.35,258.05,263.55,226996,9457
17-06-2014,270,274.1,258,260.65,249121,10907
16-06-2014,258.5,268,249.5,264.6,193444,8078
13-06-2014,272.85,276.85,259.25,259.45,130412,4429
12-06-2014,274.3,282.95,270.15,272.85,117019,4345
11-06-2014,279.95,283.8,270,272.3,106017,4044
10-06-2014,281.2,284,275.25,277.25,85181,3191
09-06-2014,277.6,288,277.6,280.9,99352,4618
06-06-2014,272,282.3,271.1,276.75,177918,7687
05-06-2014,271.8,275.9,267,269.95,132897,5859
04-06-2014,263.1,274,261.2,269.95,178289,7123
03-06-2014,263.1,267.9,260.05,262.2,74345,3352
02-06-2014,259.8,271.9,249.55,262.55,195608,8903
30-05-2014,273.9,276,260.1,262.65,151313,6563
29-05-2014,255,267.45,244.5,267.3,383196,9866
28-05-2014,256,264.4,252.4,254.75,127350,5507
27-05-2014,260,263,253.25,254.9,115354,4449
26-05-2014,263.9,269.7,249,256.9,180985,6279
23-05-2014,256.95,256.95,251,256.95,325832,4107
22-05-2014,236,244.75,234,244.75,86799,2741
21-05-2014,244.8,244.8,232,233.1,94201,3545
20-05-2014,234,246.45,230,240.6,148394,5033
19-05-2014,247,247.55,233.1,234.9,156777,5462
16-05-2014,264.95,264.95,245.35,245.35,120373,4267
15-05-2014,259,266.5,255.7,258.25,98254,4177
14-05-2014,256,263.75,256,259.75,143137,5612
13-05-2014,255.5,263,252.7,255.55,172348,6680
12-05-2014,255.1,272,249.8,254.8,544800,20723
09-05-2014,267,272.4,262.9,262.9,133987,3669
08-05-2014,276.7,276.7,276.7,276.7,12479,693
07-05-2014,303.95,314.9,288,291.25,998723,29457
06-05-2014,285,299.95,275,299.95,565827,19666
05-05-2014,302,302,285.7,285.7,139843,5023
02-05-2014,320,325.15,300,300.7,301783,10529
30-04-2014,334,335.7,315.75,315.75,272370,9438
29-04-2014,317,332.5,310,332.35,505946,13354
28-04-2014,327,329.35,315,316.7,152516,6440
25-04-2014,335.1,340,320.1,323.5,307496,11812
23-04-2014,351.05,352.5,332.25,332.75,225127,10098
22-04-2014,358,360,348.1,349.7,123551,5270
21-04-2014,365,367.95,356.6,358.1,168427,7533
17-04-2014,363,363,352.1,354.2,197942,7205
16-04-2014,361.85,364.3,349.6,359.2,262511,10940
15-04-2014,370,374.9,356.35,360.4,340065,13606
11-04-2014,361.75,372.3,357.1,361.95,418397,14368
10-04-2014,356,367.35,352.3,364.7,487708,13370
09-04-2014,352,355.25,342.5,349.9,169429,6505
07-04-2014,362,367,343.4,349.5,176308,6120
04-04-2014,359,366.95,359,361.45,124808,3123
03-04-2014,361,371,355.2,362.45,390925,9615
02-04-2014,368,369.2,353,360,491406,9753
01-04-2014,375,376.75,361.2,363.55,189402,4775
31-03-2014,378.7,382.7,370.25,373.35,203452,5068
28-03-2014,377,381,371.05,375,236936,6405
27-03-2014,374,384,372.4,378.15,260043,6976
26-03-2014,380.7,382.1,365.2,369.7,355699,8772
25-03-2014,358.5,376.25,358.5,376.25,499215,10460
24-03-2014,375,381.45,355,358.35,449585,11800
22-03-2014,375,378,371.6,373.2,109292,2114
21-03-2014,383.8,385.4,368,371.35,317171,6393
20-03-2014,374,387.3,370,377.35,506414,11195
19-03-2014,382.15,389,373.1,375.75,1197442,11901
18-03-2014,357,378.95,357,378.95,344356,10249
14-03-2014,359.5,374.4,359.15,360.95,504924,14089
13-03-2014,396,400,375.45,378,1460128,19995
12-03-2014,374,399,365.1,395.2,1186706,28876
11-03-2014,401,401.8,382.6,382.6,570979,12039
10-03-2014,386,403.6,385.5,402.7,923804,16946
06-03-2014,361.9,370,358.05,370,416877,9572
05-03-2014,338.4,352.4,336.45,352.4,798687,16857
04-03-2014,336,341,332.75,335.65,380607,10116
03-03-2014,333.9,340.9,328.15,334.8,563879,16280
28-02-2014,349,353.2,328.65,332.95,1159873,27981
25-02-2014,326.15,338.8,321.75,338.8,517275,13662
24-02-2014,317.6,334.8,314,322.7,818977,22633
21-02-2014,341.9,352.1,323.6,325.7,918305,23090
19-02-2014,326.2,326.2,318.2,326.2,577567,7447
18-02-2014,310.7,310.7,310.7,310.7,15908,364
17-02-2014,295.95,295.95,295.95,295.95,100339,502
14-02-2014,265,281.9,265,281.9,116755,1875
13-02-2014,272.25,275.5,265.2,268.5,257011,5948
12-02-2014,268,275.8,266.05,272.8,355794,8315
11-02-2014,275,277,262,263.65,324777,9055
10-02-2014,275.8,285.5,269,271.6,438920,10070
07-02-2014,293,293.95,276.85,279.5,443252,10926
06-02-2014,295.6,298.8,288.4,291.4,328533,8576
05-02-2014,293.4,300.9,287.6,293.2,587467,14379
04-02-2014,268.65,289.1,266,289.1,620013,13583
03-02-2014,276,283.3,272.35,275.35,339554,8956
31-01-2014,260.9,273.05,258.2,273.05,439690,6993
30-01-2014,267.5,269.1,257.6,260.05,312291,7450
29-01-2014,287.4,291.7,269.35,271.15,555530,13579
28-01-2014,265.65,289.5,265.5,283,1139653,24407
27-01-2014,276.5,276.5,276.5,276.5,17402,512
24-01-2014,300.3,301,291,291,172329,3424
23-01-2014,318.5,328,303.1,306.3,673989,15639
22-01-2014,326,326.7,316.85,319,660282,15823
21-01-2014,322,329.7,315.1,325,1120200,27825
20-01-2014,311.2,326.9,301.85,320.15,1171828,28065
17-01-2014,331.5,335.75,312.25,313.5,892764,21558
16-01-2014,321.9,335,311.3,328.65,869402,19832
15-01-2014,331.7,335.5,316.5,322.9,973406,23012
14-01-2014,331,340.2,318.5,326.55,1199531,27123
13-01-2014,304.1,328.55,304,328.35,1716548,31206
10-01-2014,334.7,342,312,312.95,2238382,48850
09-01-2014,311,328.4,306.7,328.4,2654890,58790
08-01-2014,298.55,298.55,285,298.55,1858234,17625
07-01-2014,248,271.45,241.35,271.45,2784409,49603
06-01-2014,229.6,260.7,221.5,246.8,5543380,116131
03-01-2014,185.9,223.05,184.25,223.05,2395119,44048
02-01-2014,188.45,196.9,182.8,185.9,1554181,30395
01-01-2014,186.4,190.4,185.2,188.15,563997,12271
31-12-2013,184,192.2,183.1,185.4,1289453,25275
30-12-2013,173,185.4,172.5,182.4,1418821,29033
27-12-2013,174,174.4,161.5,171.3,630985,13243
26-12-2013,173.15,177,172.4,173.05,428682,7647
24-12-2013,173.3,176.45,171.5,172.1,282227,6042
23-12-2013,173.5,176.3,171,171.7,476676,11661
20-12-2013,162.45,177.75,161.5,173,1655492,35090
19-12-2013,167,167,160.3,161.05,308362,6221
18-12-2013,169.1,173.3,163.1,166.8,1019641,19569
17-12-2013,151.95,173.5,151,168.3,1751064,32757
16-12-2013,156,156,149.4,151.9,146080,3227
13-12-2013,157.5,158.4,152.4,152.95,254107,5380
12-12-2013,160.5,160.5,155.1,156.15,110986,2481
11-12-2013,158.8,161.55,155.05,157.55,229243,5205
10-12-2013,161.8,162.5,154.2,157.25,229992,5229
09-12-2013,164,164.1,159.3,159.85,143944,3173
06-12-2013,161.8,163.5,158,159.45,302121,7393
05-12-2013,164.9,166,158.35,159.3,270887,5778
04-12-2013,164,165.7,160.9,161.5,288313,5681
03-12-2013,167.05,168,164.2,165.9,200317,3971
02-12-2013,165,169.9,164.8,166.2,350543,7891
29-11-2013,169.95,173.6,166,166.7,546113,11185
28-11-2013,169.05,173.1,167,168.45,379929,8714
27-11-2013,170.7,174.05,165.6,167.4,749872,16330
26-11-2013,176.7,178.4,167.4,168.95,376086,8451
25-11-2013,172.9,181,172.9,175.35,517259,11556
22-11-2013,180,184.95,167.05,171.8,726973,16632
21-11-2013,181.25,183,173.1,174.85,518987,12237
20-11-2013,181.2,188.8,175.2,180,1331343,26219
19-11-2013,191,201.4,183.4,185.05,2422978,47388
18-11-2013,152,181.3,152,181.3,2280890,43747
14-11-2013,152.05,153.95,149.3,151.1,168885,4098
13-11-2013,150,156.65,146.6,149.4,430032,9493
12-11-2013,160,161,149.6,150.55,387188,8111
11-11-2013,166.1,166.1,158.6,159.65,208603,4686
08-11-2013,168.05,169,163.5,164.65,227715,5660
07-11-2013,171.95,173.75,166,166.9,291371,7005
06-11-2013,172,177.2,169.2,171,353008,9133
05-11-2013,173.2,182,166.65,172.1,765978,15847
03-11-2013,173.9,174.9,171.4,171.95,97735,2393
01-11-2013,172,177.55,170.4,171.45,577532,12012
31-10-2013,176,182.55,171.6,173.3,963568,19968
30-10-2013,159.9,183.8,158.2,173.75,3109030,62602
29-10-2013,152,160.6,148.1,157.1,745928,14441
28-10-2013,155.4,155.5,150.55,151.65,414581,8576
25-10-2013,156,159.45,147.55,149.85,1022982,20241
24-10-2013,164,167.8,149.1,155.1,983048,19657
23-10-2013,162.9,165.9,158.4,163.8,599439,10992
22-10-2013,162.1,168.8,157.65,160.35,839908,17379
21-10-2013,162,163.8,160.05,161.75,357393,7101
18-10-2013,165.8,169.9,157.65,160,888882,16965
17-10-2013,164.8,167.85,160,164,521125,10758
15-10-2013,170.1,171.5,161,162.6,558625,11895
14-10-2013,168,172.6,166,168.8,604204,12674
11-10-2013,171,173.25,165.7,166.8,664211,13171
10-10-2013,160.3,173.5,160,169.3,1365165,26848
09-10-2013,170,171.9,162.5,164.55,837588,17325
08-10-2013,170.2,174.5,167.65,169.85,1213622,22959
07-10-2013,158.85,170.45,156,167.6,1738581,32581
04-10-2013,164.9,167.2,155.1,159.15,1753350,35076
03-10-2013,146,163.7,138,159.2,3251256,62443
01-10-2013,139,150,139,143.8,1049825,20340
30-09-2013,147.95,148,129.95,141.1,3735821,70374
27-09-2013,163,166.9,143.6,150.8,1918152,35768
26-09-2013,150.1,164.4,150,157.85,2197749,45910
25-09-2013,150.65,164,143.25,150.2,2917892,59297
24-09-2013,168.5,174,162.75,167.35,1314305,30448
23-09-2013,171.9,178.4,166.6,171.35,1030565,23369
20-09-2013,175.5,183.5,170,174.1,1442802,31896
19-09-2013,177,184.6,170.15,176.25,1472963,32679
18-09-2013,165.45,187,155,174.6,3974948,90172
17-09-2013,184,186.95,160,164.35,2365295,57125
16-09-2013,199.2,207.2,168.25,184.9,2889179,65503
13-09-2013,222,228,193.6,199.2,3801108,85276
12-09-2013,191.2,236.4,189.8,217.4,5590339,117172
11-09-2013,145,190.35,140.2,183.85,5893678,115507
10-09-2013,143.5,148.55,140.6,144.45,888189,19452
06-09-2013,139,147.9,133.8,137.75,2083768,40881
05-09-2013,114.15,136,114.15,131.4,2959830,56354
04-09-2013,113,115.45,110.15,112.9,864883,18165
03-09-2013,116.9,120.4,109,112.1,1551258,31757
02-09-2013,111.2,125.65,110.1,114.55,2628007,54628
30-08-2013,140,143.15,102.05,114.05,5269361,107185
29-08-2013,147,149.9,136.1,141.3,914197,20102
28-08-2013,134,152.2,134,141.45,1000117,20305
27-08-2013,147.6,147.6,127.35,132.45,1114949,24441
26-08-2013,135,158,135,144.25,2554851,55181
23-08-2013,128,137.4,128,134.25,757188,17099
22-08-2013,130,138,127.8,132.2,1060539,23904
21-08-2013,127.2,140,113.05,129.75,2436314,55835
20-08-2013,161.6,161.6,137,141.3,1927092,44512
19-08-2013,135.95,164.5,129.15,151.9,2356642,58234
16-08-2013,131.95,178,120,151,4655216,102735
14-08-2013,152.6,155,110.5,146.6,3913151,81857
13-08-2013,164.5,177,161.1,169.5,985622,24812
12-08-2013,180,183.65,165,170.25,1245864,34040
08-08-2013,178.8,192.8,173.65,178.2,1955848,49623
07-08-2013,153.25,194.4,151.25,168.1,3792928,99396
06-08-2013,178.2,178.2,148.5,159.15,3919609,99876
05-08-2013,136.15,212,121,197.95,7071938,186124
02-08-2013,173,178.85,105.5,151.25,6480729,174125
01-08-2013,487.4,487.4,180.35,191.75,6254247,234804
31-07-2013,547,559,514.1,541.55,94707,7198
30-07-2013,578.75,587,545,550.1,81302,5855
29-07-2013,566.6,599,532,575.2,205648,14080
26-07-2013,618.6,627.95,532,566.85,287293,18941
25-07-2013,624,628.95,608,622.9,59756,4503
24-07-2013,629,644.4,610.7,633,153769,10290
23-07-2013,595,644,585.1,635,317425,19285
22-07-2013,626,632,578.95,591.3,218074,17524
19-07-2013,684.9,690,617.05,631.2,132929,7971
18-07-2013,701.9,701.9,676.1,680.3,58701,4598
17-07-2013,737,737,693.4,701.35,93836,5746
16-07-2013,720,733.55,699,729.65,113748,9503
15-07-2013,761,778.6,721.15,733.4,112224,7784
12-07-2013,760,770,746.1,764.5,46136,4027
11-07-2013,764,778,757.35,765.3,34293,2724
10-07-2013,783.25,802.9,740.4,749.95,54516,4307
09-07-2013,750,798,747.95,789.75,61259,4621
08-07-2013,749.85,754.2,744,747.85,16307,1426
05-07-2013,770,775,752.4,757,46533,2882
04-07-2013,751.1,768.8,730.85,761.25,64387,5170
03-07-2013,774.45,774.45,741,746.5,29006,2198
02-07-2013,794.4,806.9,770.9,779.45,46914,3233
01-07-2013,776,801.1,758.6,790.5,49833,3215
28-06-2013,773,783,763.2,777.95,23486,1604
27-06-2013,758,765,752.1,755.1,36476,1903
26-06-2013,760,770,742.35,751.3,25652,2140
25-06-2013,741,765.9,737.1,758.6,33231,2478
24-06-2013,764.8,772.25,731.6,744,39500,3408
21-06-2013,770,778,728.05,758.25,130598,3853
20-06-2013,798.5,805.7,762,770.65,48897,3490
19-06-2013,822,827.4,810,821.55,36435,2315
18-06-2013,784,821,778.5,812.85,59818,4311
17-06-2013,758,788,742.15,777.85,41225,3167
14-06-2013,760.45,770.55,751,756.3,27241,1567
13-06-2013,771.9,779,747,751.8,27308,1846
12-06-2013,796,799.5,770,774.55,23235,2041
11-06-2013,816.9,816.9,793.2,799.4,43965,2332
10-06-2013,829,838.65,806.8,817.35,20806,1349
07-06-2013,830.55,845.5,817.1,822.15,45153,2185
06-06-2013,825.5,838.8,821,831.25,33049,1837
05-06-2013,811.85,838.8,806,828.9,39431,2268
04-06-2013,815.9,829.95,810.2,814.4,32083,2041
03-06-2013,829,841,805.85,813.85,53235,2721
31-05-2013,842,865,810,824.2,44112,2701
30-05-2013,827,850.9,825.25,840.5,57392,3390
29-05-2013,860,860.6,820,839.95,52202,3301
28-05-2013,805.9,870.3,801,848.25,80211,3856
27-05-2013,799.55,808.6,783.1,798.4,20100,1631
24-05-2013,796.35,807.95,778.7,798.25,30176,1674
23-05-2013,780.1,801.9,772.1,789.7,46044,2693
22-05-2013,837,842.4,782,789.7,45634,2320
21-05-2013,849,857,828.85,833.85,30089,1363
20-05-2013,860,867.5,844,847.35,36378,1823
17-05-2013,845.3,862,832,851.5,28339,1903
16-05-2013,841.4,848,829.3,841.5,21370,1577
15-05-2013,824.7,847,822.4,844.15,35835,2291
14-05-2013,818.05,825.1,808,819.25,25938,1714
13-05-2013,835,847.2,765,808.75,32506,2089
11-05-2013,839.75,842.75,830.05,836.9,2808,234
10-05-2013,838.45,842,828.9,837.25,18446,1411
09-05-2013,845.5,854,826,832.15,40923,2529
08-05-2013,843,850,828.65,834.85,47280,2995
07-05-2013,839.5,856.7,825.3,844.8,51245,3180
06-05-2013,821.95,841.25,812.1,838.2,38410,2197
03-05-2013,813.3,838.3,803.95,818.9,45914,2750
02-05-2013,802,824.5,791.8,816.9,34062,2377
30-04-2013,850.6,850.6,800.15,809.1,79561,4214
29-04-2013,820,846.9,820,842.4,41398,3223
26-04-2013,812,828.5,806.7,820.2,27377,1921
25-04-2013,802,821.85,800,808.7,67495,3387
23-04-2013,790,807.15,764.2,800.75,63306,3747
22-04-2013,763,784,759,776.65,55642,3146
18-04-2013,725.8,763,715,754.05,69576,3810
17-04-2013,733,744.2,723.6,725.8,31284,1990
16-04-2013,708.05,734,708.05,727.5,30793,2237
15-04-2013,716,737.45,708,712.05,38363,2625
12-04-2013,705.1,720,699.5,716.95,30600,2024
11-04-2013,714,722.95,703.15,711.8,29056,1911
10-04-2013,708.05,717.5,691.1,710.6,39575,2578
09-04-2013,728,732.65,700,704.95,38020,2298
08-04-2013,721.9,741.9,718.05,722.5,47076,2955
05-04-2013,715,729.9,712.15,721.25,34719,2223
04-04-2013,752.5,752.5,713,718.25,46161,2757
03-04-2013,764,782.2,740.05,750.5,62346,4122
02-04-2013,743.55,769.35,740.6,764.1,39779,2313
01-04-2013,718.05,744.7,716,735.6,36483,1842
28-03-2013,711,718.9,692.9,711.4,24731,1601
26-03-2013,720.05,727.45,701,711.2,35442,1776
25-03-2013,732.35,737.95,716,720.4,31092,1752
22-03-2013,730.05,737.95,720,723.95,34103,1881
21-03-2013,747,763.3,721.55,727.55,67955,3755
20-03-2013,745.05,751,733,734.7,48373,2809
19-03-2013,767.9,775.9,739.45,742.6,66603,3289
18-03-2013,773,780,751,761.6,45111,2615
15-03-2013,800,808.4,764,777.8,58994,3051
14-03-2013,798,802.85,780.1,797.55,34486,2171
13-03-2013,806.9,818.85,791.25,795.85,47167,3285
12-03-2013,823.8,825,802,806.9,40608,2261
11-03-2013,830,847,814.1,820.95,53647,3314
08-03-2013,849.3,855.2,823.6,828.7,71439,3871
07-03-2013,835,850,826.15,846.6,48952,2668
06-03-2013,847.65,861.25,827.7,841.1,52576,2968
05-03-2013,814,845,811.6,839.25,36443,2526
04-03-2013,850.3,850.35,803.1,807.55,38547,2661
01-03-2013,850,898.4,836.8,848.85,50931,2854
28-02-2013,885,911.5,825.1,844.4,159452,8476
27-02-2013,885,891,848.15,880,85652,4912
26-02-2013,930.25,930.95,878.05,883.2,62196,3741
25-02-2013,933.2,944,912,931.4,48664,2660
22-02-2013,926,944.1,925,929.15,39771,2567
21-02-2013,962,966,922,926.65,67449,4143
20-02-2013,954.95,971.3,946,966.55,55908,3597
19-02-2013,927,957.65,918.3,949.3,55555,3853
15-02-2013,924.95,950.5,907.9,945.6,113716,7559
14-02-2013,966,972.9,894.05,929.3,191394,12118
13-02-2013,992.2,1003.6,957.5,964.5,51031,3851
12-02-2013,1015,1015,983,991.4,44309,3141
11-02-2013,1065.1,1065.9,997.6,1010.5,74717,5330
08-02-2013,1075,1098,1051.25,1059.65,40244,2961
07-02-2013,1110,1114.8,1066.4,1075.1,45194,3042
06-02-2013,1097.55,1118,1091,1107.9,33071,2302
05-02-2013,1079.35,1101,1062.5,1087.7,26747,2199
04-02-2013,1116.55,1124,1070.1,1077.1,38650,2680
01-02-2013,1119,1134.9,1109.55,1116.55,33014,2504
31-01-2013,1137,1144.6,1110,1119.7,32911,2679
30-01-2013,1133.9,1148,1125,1138.55,24545,1582
29-01-2013,1165,1180,1126,1132.6,33903,2529
28-01-2013,1162,1169,1143.6,1159.2,42572,2224
25-01-2013,1140.1,1157.4,1130.3,1151.75,25113,2485
24-01-2013,1170,1170,1125.2,1137.55,30205,2199
23-01-2013,1156.4,1167.7,1150,1161.65,35369,2585
22-01-2013,1176.05,1182.45,1145,1148.65,29487,1945
21-01-2013,1195,1197.9,1164.05,1173.7,41909,2986
18-01-2013,1155,1192,1146,1184.05,111862,6723
17-01-2013,1140,1150.95,1119,1145.45,31304,2207
16-01-2013,1177,1182.95,1126.4,1132.3,45711,2908
15-01-2013,1144.75,1180,1138,1172.95,42466,2569
14-01-2013,1140,1145.9,1125.05,1138.05,21019,2029
11-01-2013,1158.7,1163,1121,1125.85,35321,2109
10-01-2013,1153.8,1160,1135.85,1154.5,32743,1868
09-01-2013,1158.05,1174,1120,1144.8,26194,1889
08-01-2013,1162,1166.65,1135,1156.45,41858,2605
07-01-2013,1180,1183.95,1154,1161.65,53414,2944
04-01-2013,1125,1175,1121.05,1170.05,83088,4832
03-01-2013,1122.95,1128.85,1111,1122.2,13946,1033
02-01-2013,1146.95,1149.35,1110,1117.7,35080,2147
01-01-2013,1139.7,1144.75,1133.05,1138.1,19362,1305
31-12-2012,1122,1141.05,1119,1129.55,36082,2327
28-12-2012,1094.05,1121.85,1090,1114.4,34586,2018
27-12-2012,1117.6,1117.6,1083.5,1089.85,24859,1556
26-12-2012,1108,1118.3,1102,1109.5,21285,1461
24-12-2012,1092.05,1104.8,1082,1098.25,22391,1645
21-12-2012,1117,1129.8,1084,1090.05,65916,4181
20-12-2012,1089.95,1119.8,1074,1112.8,57577,3835
19-12-2012,1064,1093,1064,1080.9,39839,2576
18-12-2012,1067.7,1080,1044,1063.55,34331,2606
17-12-2012,1075.05,1083.55,1052.55,1067,34567,2242
14-12-2012,1045,1078.8,1026.1,1068.25,53552,3822
13-12-2012,1104.85,1109,1030,1047.6,43392,2744
12-12-2012,1116,1123.7,1098,1102.7,22776,1564
11-12-2012,1134.85,1143.45,1105,1113.95,22426,1291
10-12-2012,1140.65,1140.65,1123,1132.6,20930,1174
07-12-2012,1154.95,1166,1125,1130.35,25033,1514
06-12-2012,1134,1157.85,1113.7,1143.85,31304,1902
05-12-2012,1145,1151,1129.05,1133.7,22890,1396
04-12-2012,1139.95,1162,1122.05,1141.85,50430,2866
03-12-2012,1138,1147.8,1125.1,1137.75,27814,1562
30-11-2012,1125.05,1145,1106.85,1136.4,36353,2219
29-11-2012,1169,1178,1110.8,1119.45,48226,2608
27-11-2012,1097,1148.05,1092.2,1142.5,71106,4266
26-11-2012,1120,1124.15,1091,1096.25,29962,1980
23-11-2012,1128,1145,1100.1,1113.05,38728,2569
22-11-2012,1156.35,1159.6,1111,1127.35,40725,2989
21-11-2012,1161.95,1174.4,1136.25,1149.15,37936,2961
20-11-2012,1120,1169.75,1120,1144.5,74569,5370
19-11-2012,1145.05,1147.9,1103.3,1114.45,26813,2000
16-11-2012,1174.35,1186.7,1129.2,1136.5,47035,2711
15-11-2012,1196.5,1216.95,1141.4,1172.65,66259,5248
13-11-2012,1174,1223.8,1168,1194.5,77171,3916
12-11-2012,1100.05,1182.9,1100,1173.45,91595,7539
09-11-2012,1083,1103.95,1083,1095.65,63873,4344
08-11-2012,1058.8,1087.95,1054,1082.85,47107,2851
07-11-2012,1040.35,1071,1035,1066.8,57672,3321
06-11-2012,1042.95,1049.2,1025.05,1040.25,20315,1602
05-11-2012,1030.3,1053,1030.25,1043.55,41309,2755
02-11-2012,1007.95,1034,1007.7,1030.6,63978,4510
01-11-2012,997,1015,976.3,1003.05,45715,2956
31-10-2012,989.65,998.9,981,994.65,26240,1593
30-10-2012,981,990,964.2,981.95,32925,1999
29-10-2012,1002,1003.6,976.25,980.4,25598,1676
26-10-2012,1013.2,1025,960.2,995.1,39359,2702
23-10-2012,1019.65,1019.65,1000.1,1004.1,21359,1012
18-10-2012,996.1,1021.95,992,1017.5,41004,2332
17-10-2012,1011.1,1016,983.1,993.25,39593,2142
16-10-2012,1033,1033.05,1002,1006.45,33096,1940
15-10-2012,1032.05,1040.05,1022.45,1026.95,59081,2504
12-10-2012,1034.95,1043.85,1021.8,1031.65,43995,1981
11-10-2012,1014,1034.3,1014,1032.25,92685,3863
10-10-2012,985,1018.3,979,1010.45,132266,5278
09-10-2012,990.35,1002,974,986.15,70926,3204
08-10-2012,999.4,1005.7,974,978.8,57424,2435
05-10-2012,1023,1032.1,980,999,97208,4087
04-10-2012,987.7,1006.8,970,1002.95,107722,5373
03-10-2012,975,978.5,961.2,969.9,31369,1419
01-10-2012,976,987.8,967.25,971.8,92774,4031
27-09-2012,933.5,940.95,927.1,936.45,40958,2021
26-09-2012,924.2,942,920.3,929.6,35713,1961
25-09-2012,935.15,947,924,927.6,68453,3534
24-09-2012,914.15,939.7,907.1,930.5,96170,4648
21-09-2012,910,921.8,906.9,910.8,50212,2300
20-09-2012,915,915,891.05,902.4,50502,2221
18-09-2012,908,915.95,901.1,902.6,39729,1629
17-09-2012,924,927,900.25,905.8,79607,3296
14-09-2012,918,925.9,904,910.4,146338,5037
13-09-2012,877.3,918.8,870.55,907.55,423306,9916
12-09-2012,877,881.7,860.2,875.4,42701,1834
11-09-2012,875.1,887,871,874.2,64489,2982
10-09-2012,875.25,878,866,873.85,49785,2415
08-09-2012,874,874.35,865.5,871.05,5886,350
07-09-2012,842.9,869.8,842,867.25,108440,4711
06-09-2012,830,842.45,825.25,836.55,39523,1988
05-09-2012,840,850.05,823.9,827.1,28893,1418
04-09-2012,843.5,851.4,836.35,843.05,28117,1569
03-09-2012,846.55,858.3,838,842.35,52972,2208
31-08-2012,820.8,848,819.95,840.7,83277,4322
30-08-2012,815.5,828,810,822.35,29702,1395
29-08-2012,818,824.95,802,814.85,44174,2131
28-08-2012,830.45,830.45,806.5,816.1,37629,1768
27-08-2012,839.2,843.15,825.1,829.6,25840,1197
24-08-2012,826.05,841.8,816,838.25,68416,3194
23-08-2012,848.7,850.6,827.85,830,47131,2172
22-08-2012,843,862,839,843.5,66326,3130
21-08-2012,835,850.3,832,844.65,37196,1631
17-08-2012,852,856.25,828.4,831.55,101285,4480
16-08-2012,845.3,854,832,845.95,64035,3427
14-08-2012,840,858.5,827.15,845.3,446319,9740
13-08-2012,803,844.4,798.75,836.45,220950,8477
10-08-2012,808,809,796.55,805.3,67173,2726
09-08-2012,800,812.8,725,802.25,67529,3360
08-08-2012,800.05,803.5,737,799.95,152794,5795
07-08-2012,796,808.95,786,792.05,223744,7937
06-08-2012,774.8,799.75,770,793.75,374050,7688
03-08-2012,756,768.4,749.5,763.9,158825,6417
02-08-2012,744.9,758.2,734.9,754.9,446418,9489
01-08-2012,724,740.7,716.1,737.7,167147,7025
31-07-2012,706.05,728.6,701,719.15,132250,6717
30-07-2012,695.05,711.65,688,707.5,65201,3323
27-07-2012,710.05,715,685.55,691.2,104958,4825
26-07-2012,702.45,712.9,690.65,699.85,99292,4448
25-07-2012,705,705.8,682,698.35,88931,4045
24-07-2012,704,714.8,699,703.7,87342,4287
23-07-2012,723.75,725.1,696.4,700.35,104455,4825
20-07-2012,748,748,721.1,728.8,149371,6781
19-07-2012,759,763.9,736.3,744.25,325859,15323
18-07-2012,709.9,754.75,695.75,750.05,453981,19353
17-07-2012,724,725.5,703.4,707.4,98488,5065
16-07-2012,745.95,745.95,716,720.35,90565,4378
13-07-2012,774.3,776.95,742.5,746.7,104880,4932
12-07-2012,769,781,763.2,769.8,189064,7922
11-07-2012,771.25,824.9,771,776.35,720741,29173
10-07-2012,752,761.95,749.25,753.4,82691,3444
09-07-2012,755.05,760.7,739.95,748.5,134835,6079
06-07-2012,755,757,737,746.95,124026,5051
05-07-2012,760.05,764,744.1,749.15,280252,2432
04-07-2012,770,775,752,758,53653,2385
03-07-2012,760,769.8,759,768.05,40049,2016
02-07-2012,741.95,759.4,734.4,755.6,52978,2500
29-06-2012,730,742,728.5,737.25,46682,2012
28-06-2012,741.5,741.7,716,724.5,50985,2407
27-06-2012,730,744.8,730,738.55,49314,2329
26-06-2012,716.5,738.85,714.95,733.25,105850,4530
25-06-2012,710,719.75,707,711.8,71307,3435
22-06-2012,670.05,710,666.15,699.1,133184,5818
21-06-2012,663,675,645.5,669.6,31014,1425
20-06-2012,673,676,658.55,662.95,63094,3370
19-06-2012,636.05,672.8,633.95,668.5,128217,5572
18-06-2012,654.8,657,632,639.95,36736,1657
15-06-2012,628.9,649.85,628.9,647.5,44467,2234
14-06-2012,641,654.8,620.45,625.85,46093,2357
13-06-2012,643.95,654.3,640,644.05,29752,1908
12-06-2012,628.05,646.4,627.1,639.55,37697,2041
11-06-2012,638,662.8,630,635.05,66491,3890
08-06-2012,625,640.75,617,637.75,65894,3346
07-06-2012,625,632.45,618.8,625.2,41910,2263
06-06-2012,609.3,626.7,607,623.4,67044,3359
05-06-2012,605,613.5,598,602.65,53718,2637
04-06-2012,592,602.05,583.1,596.9,50859,2625
01-06-2012,604,621.6,592,594.45,99938,5280
31-05-2012,587,607,585,599.75,182230,8022
30-05-2012,587,588,576,578.85,33955,1534
29-05-2012,596.35,596.35,585,587.25,31394,1408
28-05-2012,596.2,599.5,582.7,591.4,27918,1747
25-05-2012,581,598,571.05,583.75,54351,2578
24-05-2012,563,582,555,576.35,64752,3070
23-05-2012,575.2,578,559,564.25,23857,1252
22-05-2012,596.05,596.4,565,575.2,26427,1510
21-05-2012,588.95,595.8,584.05,589.35,22218,1310
18-05-2012,570.5,588,565.05,584.65,29178,1617
17-05-2012,595.9,606,568,581.45,52964,2957
16-05-2012,592,595,575.5,590.45,44763,2194
15-05-2012,569,609,566,600.55,57176,3399
14-05-2012,585.2,586.8,552.05,570.4,67382,3993
11-05-2012,598,608,580.5,583.5,55676,3072
10-05-2012,603.7,615,596.05,598.25,31915,1991
09-05-2012,594,615,587,597.7,62912,3714
08-05-2012,630,635,586.15,594.05,79932,5547
07-05-2012,614,639.75,586.05,628.45,65439,3675
04-05-2012,650.65,655.55,612.2,615.5,69480,4093
03-05-2012,672,680.85,652.65,657.35,40053,2404
02-05-2012,690.2,694.7,669.95,672.8,42002,2580
30-04-2012,709,709,683.25,685.35,28182,1796
28-04-2012,695.25,707,692.1,700.35,8010,383
27-04-2012,682,706,682,695,50061,2194
26-04-2012,707.1,712.1,679,685.5,36143,2821
25-04-2012,722.35,722.35,702.05,704.75,24321,1209
24-04-2012,727,733,705,718.9,37541,2067
23-04-2012,735.1,743.4,721,726.2,26961,1708
20-04-2012,745.8,754,730.55,733.8,26647,1526
19-04-2012,754.25,756.55,740.55,743.25,26938,1701
18-04-2012,760,772,747.3,751.8,53458,3034
17-04-2012,748,769.4,742,756.3,71890,3832
16-04-2012,741.6,754.25,733,743.75,33556,2124
13-04-2012,774,783,736.1,743.2,64036,3283
12-04-2012,758,783.5,756.7,774.85,207380,9330
11-04-2012,696.55,756,693.45,747.1,319993,14226
10-04-2012,703,721.5,695.55,706.45,90537,4949
09-04-2012,701.2,717,686.3,702.7,56309,2714
04-04-2012,710.6,711,696,701.1,26988,1301
03-04-2012,710,718.85,701.25,709.9,45580,2584
02-04-2012,690,709.3,680,701.05,73459,4067
30-03-2012,680,690,673,684.55,47809,2736
29-03-2012,669.8,690,662.05,672.8,79332,4293
28-03-2012,676.25,684.35,666.2,671.7,60305,3252
27-03-2012,696.5,706,681.25,685.35,99190,4412
26-03-2012,735,737,690,696.1,88182,4594
23-03-2012,740,752,729.9,733.05,69794,3240
22-03-2012,765,769,737,740.7,58109,3117
21-03-2012,755,774,741.7,769.8,85475,4334
20-03-2012,755,763.75,717,755.95,106620,5988
19-03-2012,783,788.5,747.25,753.5,98920,5448
16-03-2012,819,840,775,780.7,208307,9941
15-03-2012,820,825.75,782,788.85,157768,6978
14-03-2012,778.85,836.8,776.15,825.75,875579,32423
13-03-2012,778.9,789,764.4,770.95,190901,9006
12-03-2012,812,823.3,775,782.75,142929,7547
09-03-2012,874.9,889.9,806.85,811.5,510356,23707
07-03-2012,852.05,875,850,863.7,178300,9169
06-03-2012,839.05,875,831.1,849.15,185158,9073
05-03-2012,855,863.95,827.25,836.35,97826,4337
03-03-2012,850,858.5,846.65,849.75,19031,605
02-03-2012,825,873.9,819.05,847.15,242807,12046
01-03-2012,825,826.45,805.05,817.25,59004,2753
29-02-2012,835,848.9,810,826.45,114565,5684
28-02-2012,809.7,839.8,806,830.8,99533,4812
27-02-2012,831,844,792,799.9,157140,8294
24-02-2012,850,864.6,813.15,824.35,170591,9076
23-02-2012,880,889.95,836.05,841.55,147625,8456
22-02-2012,930,938.3,859.65,873.8,193163,9716
21-02-2012,920.55,954.9,906.1,912.2,216612,10602
17-02-2012,870.1,958.8,870.1,909.75,555267,25532
16-02-2012,842,866,836,862.65,187871,8369
15-02-2012,822.6,851,822.6,830.45,152896,6774
14-02-2012,845,847.05,807.1,817.15,144934,5907
13-02-2012,805,842.85,802.1,832.7,217187,10623
10-02-2012,817.5,827.4,778.65,793.25,95427,4823
09-02-2012,792,823,772.3,812.45,229656,11152
08-02-2012,766.1,792,752,782.05,41167,2444
07-02-2012,793.8,793.8,755.15,759.5,31632,1886
06-02-2012,785,805,771.05,780.8,53961,2962
03-02-2012,800.1,806.95,771.25,774.55,58598,3123
02-02-2012,780,805.45,762.9,797.35,115295,5327
01-02-2012,728.5,770.95,728.45,765.4,139671,7650
31-01-2012,707.55,729.9,707.55,721.95,30115,2012
30-01-2012,730,734,697,700.15,34724,1733
27-01-2012,722.9,733,715,729.7,36812,2052
25-01-2012,705,726.3,701.25,712.15,104323,5390
24-01-2012,662,710,642,697.3,141112,7304
23-01-2012,643.75,665.95,643.75,650.55,13752,969
20-01-2012,665,667,643.3,648.9,18326,1019
19-01-2012,655.1,679.45,655.1,659.8,33077,1694
18-01-2012,670,676,643.05,648.15,38301,2273
17-01-2012,644.5,669.9,644.5,667.6,57722,3094
16-01-2012,606,643.95,598,638.5,55476,3069
13-01-2012,611.95,630,611.5,614.35,28362,1439
12-01-2012,614,629.85,603.5,608.3,40053,2293
11-01-2012,585,614.5,583,609.85,111917,3479
10-01-2012,579,586,574.35,581.9,25079,1489
09-01-2012,571.4,579.65,561.05,571.55,28446,1452
07-01-2012,562.1,575,561,570.8,5205,265
06-01-2012,574,575,549.3,566.35,29536,1773
05-01-2012,563,587.2,560,570.5,58268,3521
04-01-2012,552.15,568.5,547.95,556.25,28007,1672
03-01-2012,538,560,536.65,558.35,33289,1630
02-01-2012,534.7,540.5,522.05,532.75,16166,900
30-12-2011,526.5,535,521.1,528.95,22892,1400
29-12-2011,529.45,537.3,518.1,524.15,22972,1636
28-12-2011,545,548.85,526,530.65,17198,1187
27-12-2011,554.35,563.45,542.05,545.6,12164,986
26-12-2011,548,564,545,559.55,25954,1572
23-12-2011,564.5,573,545.55,548.6,24962,1481
22-12-2011,540,567.9,529.25,560.7,50036,2997
21-12-2011,544.9,549.7,530.05,542.25,31317,1812
20-12-2011,565.85,567.3,521,524.9,37932,2270
19-12-2011,578.05,582.95,558.05,562.05,22688,1203
16-12-2011,588,612.9,576.95,582.65,42798,2755
15-12-2011,580,592,572,583.4,27556,1550
14-12-2011,597.5,609.9,582.1,586.65,30752,1779
13-12-2011,596,606,592,596.75,20991,1312
12-12-2011,611,619,593.05,596.45,23474,1387
09-12-2011,614,615.8,593.5,607.35,24608,1474
08-12-2011,630.45,644.5,610,612.7,53573,2658
07-12-2011,621,638.65,619.6,630.75,57007,2829
05-12-2011,619,630,613.75,619.8,36720,1790
02-12-2011,605,624.6,599,618.55,50522,2289
01-12-2011,620,635.95,599,609.55,58638,3309
30-11-2011,612.1,633.7,601.1,607.95,76464,4359
29-11-2011,656,661.85,613.1,616.8,100977,5493
28-11-2011,585.1,660,585,653.35,247164,11443
25-11-2011,545.65,585.05,544.8,576,53932,2691
24-11-2011,557,559.95,540.2,554.25,49443,2273
23-11-2011,581,584,553,557.75,52420,2970
22-11-2011,590,605,580,589.05,35614,1855
21-11-2011,622.5,622.5,582,587.4,49131,2795
18-11-2011,625.75,625.75,602,618.8,35652,1739
17-11-2011,652,654.45,620.25,624.15,38193,2264
16-11-2011,631,656.9,620.2,649,54665,2812
15-11-2011,677,683.05,595,628.05,88980,4815
14-11-2011,699,707.45,660.05,674.95,45638,2502
11-11-2011,712.9,720.55,672.55,687,44929,3110
09-11-2011,730,733,710,712.3,17173,1042
08-11-2011,738.8,742.85,726.95,730.2,18674,1098
04-11-2011,729,749.65,729,733.2,59506,3418
03-11-2011,722,739.65,715,724.85,40233,2397
02-11-2011,722.1,733.8,715.3,725.15,20288,1368
01-11-2011,722,740.9,717.75,721.6,21868,1418
31-10-2011,733,745,722.05,731.6,29074,1903
28-10-2011,719,739,710.15,730.75,52521,2777
26-10-2011,690,715,690,705.2,7820,392
25-10-2011,705,707.9,693,701.25,18495,1041
24-10-2011,716.4,719.9,701,704.25,16139,1057
21-10-2011,727.9,730,706.8,708.6,21011,1422
20-10-2011,721,728,710.1,720.9,28642,2040
19-10-2011,720,729.95,718,721.25,42558,1810
18-10-2011,701,720,690.3,713.6,122025,6350
17-10-2011,732.6,732.6,701,703.75,56135,4800
14-10-2011,725.1,736.9,714.55,724.5,71217,3809
13-10-2011,735,743.35,720.05,725,48412,2408
12-10-2011,731.7,745,727,733.25,56949,2536
11-10-2011,755,760,725.3,727.55,37163,2309
10-10-2011,746.1,765.05,741.1,749.8,82772,4159
07-10-2011,749.7,758.95,740,744.3,33901,2013
05-10-2011,784.1,785.95,731,736.7,35234,2646
04-10-2011,790.4,801,769.05,771.6,21041,1499
03-10-2011,813,815,791,795.75,19899,1462
30-09-2011,842,850.8,806,812.3,46000,2760
29-09-2011,806,841.95,795.3,835.4,58478,3700
28-09-2011,837.85,837.9,801,805.45,21589,1414
27-09-2011,812,841,812,827.75,29403,1704
26-09-2011,844,850.5,775.65,807.8,74891,4448
23-09-2011,835,864,813.15,841.55,86618,4939
22-09-2011,888,889.8,832,839.95,79212,4636
21-09-2011,885,903,872.65,894.9,57789,2761
20-09-2011,885,890.5,878.95,883.6,83219,3709
19-09-2011,862.1,892,852.8,881.7,240179,11905
16-09-2011,783.25,874.2,776,861.15,307883,14388
15-09-2011,784.5,785.05,770,780.35,17796,973
14-09-2011,796,798,772.6,777.7,29176,1916
13-09-2011,802,824,787.2,790.15,49108,2500
12-09-2011,770,821.45,765,789.15,144756,8777
09-09-2011,800,812.35,773.1,778.15,17879,1443
08-09-2011,804.85,826,801.5,805.5,20069,1493
07-09-2011,792,816.9,784.4,806,25536,1685
06-09-2011,776,794,751.2,787.45,17051,1127
05-09-2011,745,777,741,771.5,16759,1159
02-09-2011,740.5,757,721.3,751.55,14269,1045
30-08-2011,749.1,753,730,734.8,9220,752
29-08-2011,725,747.9,719,740.15,13267,762
26-08-2011,744,744,710.6,713.1,12831,847
25-08-2011,751,757.75,726.95,742.1,6806,751
24-08-2011,747,767.9,743.15,749.45,17808,1191
23-08-2011,721,760,717,750.3,38279,1831
22-08-2011,690,730,656.5,716.05,21971,1674
19-08-2011,690,693.2,673,683.85,18724,1242
18-08-2011,729.85,729.85,685,698.55,27706,1719
17-08-2011,736.45,737,710,719.45,14284,862
16-08-2011,729.95,745,720,732.8,26125,1059
12-08-2011,726,729.85,712,719.05,18528,995
11-08-2011,767,767,701,719.35,106257,6279
10-08-2011,798,804.4,748,766.6,44489,3057
09-08-2011,738,817.75,730,781.95,107092,6110
08-08-2011,760,773,741.5,756.3,20238,1468
05-08-2011,784,805,756,773.9,60591,3377
04-08-2011,783.15,808,773,791.7,26956,1503
03-08-2011,770.85,786,760.3,781.85,85348,1246
02-08-2011,785,791.25,772.2,774.95,125142,2365
01-08-2011,820,820.75,688,790.7,411489,20095
29-07-2011,816.7,824,806.4,808.5,8283,453
28-07-2011,821,832.8,808.05,816.6,24207,952
27-07-2011,827,831.85,823.05,824.75,12105,427
26-07-2011,846.95,849.45,826.1,828.25,23186,843
25-07-2011,832,847.9,829,839.1,15528,814
22-07-2011,835,835,828.05,830.95,4999,361
21-07-2011,832,837.75,819.1,824.65,12432,664
20-07-2011,845,848.7,827,832.55,31352,480
19-07-2011,840,846,836,838.6,5793,425
18-07-2011,840,851.9,840,842.45,3986,235
15-07-2011,848.5,854.2,837.05,841.3,15305,458
14-07-2011,847,854,839,848.1,8496,436
13-07-2011,848.7,848.7,839,844.7,5501,344
12-07-2011,860,862,832,839.25,11028,637
11-07-2011,865,870,855.1,864.05,8599,426
08-07-2011,888,888,863.15,866,22369,1357
07-07-2011,874,887.85,874,879.75,18255,690
06-07-2011,879.5,883,867.3,877,10759,607
05-07-2011,895,895,866,873.9,14955,803
04-07-2011,865,901.55,864,888.15,47676,2331
01-07-2011,880,893,861,864.3,25212,1618
30-06-2011,880,892.65,870,874.3,54059,2362
29-06-2011,831,879.8,810,872.6,1004548,6586
28-06-2011,837.7,837.7,820.2,823.3,14898,563
27-06-2011,825,840.95,822,824.65,22263,871
24-06-2011,801,830,800,824.45,49075,1977
23-06-2011,792,798.7,773,791.85,9920,653
22-06-2011,800.9,800.9,790,792,11478,483
21-06-2011,806,809,791.7,793.35,9035,500
20-06-2011,813,814,765.4,805.85,24901,1240
17-06-2011,821,823.3,812,816.2,5760,420
16-06-2011,820.8,829.95,814.9,818,8123,476
15-06-2011,833,841.95,817,819.5,7868,483
14-06-2011,831.65,846.8,830,832,6994,471
13-06-2011,828,843,811.2,838.6,19149,914
10-06-2011,840,846.95,827,829.15,10273,609
09-06-2011,848,851,836.9,838.9,10889,538
08-06-2011,872.75,872.75,842.15,846.35,42733,1621
07-06-2011,835.6,877.95,835.6,874.5,29732,1433
06-06-2011,842.95,842.95,830,835.45,16596,292
03-06-2011,853.7,859,830.6,840.95,16915,860
02-06-2011,835,852,822,846.4,25103,994
01-06-2011,836,847,835,838.95,17212,821
31-05-2011,818,837,812.35,832.95,13649,961
30-05-2011,802,818.2,795.05,811.7,15013,904
27-05-2011,806.95,827,802.5,820.85,16156,1018
26-05-2011,803.8,806,788.9,796.2,85664,536
25-05-2011,814.75,814.75,790,797.5,10043,674
24-05-2011,806,816.85,804,810.2,6605,557
23-05-2011,815,816.95,801,804.55,6294,460
20-05-2011,821,826.5,812,816.5,8145,456
19-05-2011,821.95,830.25,817,819.95,5366,308
18-05-2011,826.1,830.5,811.6,816.4,7234,529
17-05-2011,829.45,837.65,817.1,824.15,6527,481
16-05-2011,839,853,828.65,832.95,12670,752
13-05-2011,850,858,837,841.15,117951,1069
12-05-2011,833.95,873.4,833.95,847.05,88870,4818
11-05-2011,825,838,822,824.95,10952,660
10-05-2011,814.1,828,810,821.55,6828,698
09-05-2011,826,828.95,801,816.35,20184,1507
06-05-2011,823.1,830,810,826.1,9916,628
05-05-2011,840.95,842,808.7,812.05,12756,896
04-05-2011,813.05,839,811,832.65,17161,968
03-05-2011,840.3,847.95,810,815.95,16037,984
02-05-2011,866,866,842,847.3,9163,577
29-04-2011,869.4,869.4,853,861.9,9637,630
28-04-2011,887,890.6,859,862.95,20918,888
27-04-2011,899,900,884.7,886.25,12561,632
26-04-2011,901.4,911.7,883.15,892.5,88196,3880
25-04-2011,882,897,864.45,890.05,36662,1812
21-04-2011,871.95,876.9,861.05,865.05,9586,425
20-04-2011,875,880,860.05,869.55,9264,414
19-04-2011,869,872.65,858,863.25,12536,667
18-04-2011,891,902,865.05,868.55,13126,861
15-04-2011,894,907.7,881.25,886.1,23639,1249
13-04-2011,864.05,898,864,894.1,16753,960
11-04-2011,883.6,886.6,868.1,871.8,8017,466
08-04-2011,906.75,908.8,884.15,886.55,14227,794
07-04-2011,906.3,910,898.25,901.5,10924,566
06-04-2011,915,922.95,898.25,903.6,17298,826
05-04-2011,921,931,906,911.55,38366,1400
04-04-2011,890,925,881.7,918.9,58367,3119
01-04-2011,879,898,875,884.6,100411,3650
31-03-2011,865,881,840.15,866.9,86595,3128
30-03-2011,840,871,827.2,857.95,219170,5043
29-03-2011,835,844.4,831,834.15,40673,1325
28-03-2011,822,842.55,818,831.8,44819,1795
25-03-2011,775,836.2,775,822.6,216672,7989
24-03-2011,766.35,776.95,720,769.15,8019,443
23-03-2011,763.85,772,760,766,6256,372
22-03-2011,755,770,754,764.65,9966,569
21-03-2011,758,759.85,751.6,753.15,7126,422
18-03-2011,777,777,747,756.05,11080,487
17-03-2011,776.9,779.9,767,770.2,7870,446
16-03-2011,779.15,782.9,775,776.8,6675,385
15-03-2011,761,778,760,772.8,10954,583
14-03-2011,781,788,771.25,778.9,10801,547
11-03-2011,775.1,789,774.65,781.3,13656,855
10-03-2011,779.45,789,776.95,781.1,10261,544
09-03-2011,789.5,793.75,779.85,784.6,8759,467
08-03-2011,780.2,794.95,780.2,784.8,17100,880
07-03-2011,789,792.95,774.3,782.4,23134,1066
04-03-2011,792.5,818.7,780,793.75,228703,3283
03-03-2011,782.95,793.9,770,781.3,177114,1467
01-03-2011,781.85,790,755.3,785.45,37179,1744
28-02-2011,786.1,799,760,768.2,12463,783
25-02-2011,813,813,768.2,785.75,15511,905
24-02-2011,828.65,830,782,789.75,31039,1589
23-02-2011,817.1,837.35,817.1,821.3,14749,691
22-02-2011,832.9,835.1,818,821.4,17989,1386
21-02-2011,831,840,818,835.8,19038,876
18-02-2011,848,863,821.2,830.9,59250,2207
17-02-2011,837.9,857.9,837.9,846.15,64683,2355
16-02-2011,828,844,825,835,35862,1649
15-02-2011,826.7,844,816.05,820.15,45794,2049
14-02-2011,774.45,823.8,774.45,820.9,71126,3209
11-02-2011,745,772,741.5,766.8,36912,1412
10-02-2011,727,745,725,740.1,32556,1388
09-02-2011,754.65,757.5,702.5,723.4,31942,1641
08-02-2011,762,777,746,748.65,56944,2386
07-02-2011,746.1,771.95,742,759.25,69628,3222
04-02-2011,755.35,766.8,732,739.95,38833,1655
03-02-2011,750,760,746.55,751.3,38095,1710
02-02-2011,726,756.4,721,744.65,140101,6165
01-02-2011,711,733,710,715,33640,1706
31-01-2011,700,719,691.85,710.35,23967,1409
28-01-2011,711.55,717,689.05,704.5,35130,1924
27-01-2011,729,731.5,713.75,717.9,57148,1995
25-01-2011,709.9,727,703,721.9,408708,2913
24-01-2011,719,726.8,697,699.9,66340,3364
21-01-2011,770,770,700,712.55,107726,5439
20-01-2011,764.9,772.5,751,759.5,17250,968
19-01-2011,769.95,775,757.1,762,15590,730
18-01-2011,772,779.9,755.1,764.25,20312,874
17-01-2011,784.9,785.05,761,764.8,10998,741
14-01-2011,775.5,804.9,770,783.25,18529,1073
13-01-2011,811,814.2,783.1,788.9,24821,1235
12-01-2011,778,807.5,769,804.4,34358,1564
11-01-2011,825.2,828,763,772.45,46256,2358
10-01-2011,833,834,784,794.85,33901,1840
07-01-2011,870.1,870.1,828.9,833.45,29387,1597
06-01-2011,884,885,860,865.1,15989,1121
05-01-2011,889.5,895,875.55,878.35,22776,1309
04-01-2011,898.8,901.8,883,885.1,15598,916
03-01-2011,899.95,909.25,886,890.2,38959,1647
31-12-2010,909.5,916,891.1,893.9,47319,1722
30-12-2010,880,907.7,874.8,899.15,52233,2438
29-12-2010,880,883.9,875,880.25,12640,715
28-12-2010,879,885,871.25,878.6,12902,792
27-12-2010,893.45,895.95,873.05,875.6,12945,727
24-12-2010,875,888.65,870.55,880.7,13451,788
23-12-2010,892,897.95,872.25,878.45,22650,778
22-12-2010,900,910,880.15,885.85,34296,1358
21-12-2010,891.5,912,884,888.1,41871,1622
20-12-2010,880,904,873.55,883.8,20275,1033
16-12-2010,890.25,903.95,867,883.05,33857,1742
15-12-2010,908.25,947.8,880,888.45,84599,4048
14-12-2010,849,917.25,844,905.55,154951,7499
13-12-2010,813.45,849,813.45,841.65,24487,1290
10-12-2010,792.25,824.95,776.1,816.9,39986,1958
09-12-2010,876.1,876.1,795,804.45,40297,2130
08-12-2010,912,912.7,860,866.55,204392,1869
07-12-2010,898,918.05,888.9,912.25,43864,2338
06-12-2010,915,926.9,904,905.45,20328,1171
03-12-2010,910,930,901.5,909.75,41444,2064
02-12-2010,888,920,884,902.95,44091,2149
01-12-2010,840,890,838,881,51699,2784
30-11-2010,815,844,792.8,833.1,41239,2166
29-11-2010,835.25,849.5,789.85,820.8,39812,2053
26-11-2010,871,881,780.1,826.35,77987,4160
25-11-2010,928,939.5,860,876.5,55893,3488
24-11-2010,985,985,918,925.15,95842,5367
23-11-2010,1005,1005,959,982.1,28970,2049
22-11-2010,1014.9,1027,991.2,1003.05,18152,1092
19-11-2010,1036,1047.9,1002,1009.35,12136,926
18-11-2010,1060,1080,995,1038,30857,1840
16-11-2010,1095,1101.75,1034,1053.55,30096,1718
15-11-2010,1111.1,1125,1082,1095,28043,1614
12-11-2010,1111,1151.9,1075,1098,36616,2189
11-11-2010,1105,1153,1103.3,1118.25,52487,3390
10-11-2010,1078,1105,1065,1100.5,27526,1677
09-11-2010,1058.05,1083.95,1058.05,1072.3,30409,1760
08-11-2010,1035,1065,1026.65,1053.2,20772,1413
05-11-2010,1040,1074,1025.3,1031.5,7803,434
04-11-2010,1041,1044.95,1000,1026.65,29657,1539
03-11-2010,1028,1044,1025.15,1037,27756,1683
02-11-2010,1008,1033,981,1021.9,52646,3295
01-11-2010,1000,1099,990,999.7,26975,1134
29-10-2010,1061.25,1065,955.95,986.3,126685,6815
28-10-2010,1105,1105,1055.2,1063.05,119341,2858
27-10-2010,1120,1121.85,1093.25,1096.85,31536,1847
26-10-2010,1144,1149.75,1114,1122.2,30883,1733
25-10-2010,1150,1154.95,1139.9,1141.6,20753,968
22-10-2010,1159.95,1173,1142,1145.85,18419,873
21-10-2010,1155,1155,1145,1149.3,13852,856
20-10-2010,1155,1164.95,1142,1146.8,21151,1448
19-10-2010,1183,1191.95,1150.15,1157.8,20854,1350
18-10-2010,1160,1176.5,1148,1166.35,16530,1140
15-10-2010,1173,1179.9,1155,1159.75,20731,1283
14-10-2010,1189.9,1192,1160.1,1163.1,29346,1514
13-10-2010,1165,1192,1163.55,1181.9,28932,1768
12-10-2010,1175,1184,1152.5,1158.95,33645,1845
11-10-2010,1180,1190,1171,1174.9,24574,1094
08-10-2010,1197.5,1197.5,1165,1173.55,28748,1883
07-10-2010,1218,1220.95,1179.15,1183.9,25719,2262
06-10-2010,1218,1222,1207.15,1214.15,29653,2450
05-10-2010,1210,1224,1201,1205.3,56686,4174
04-10-2010,1185,1215,1165,1200.25,70956,4058
01-10-2010,1165,1195.9,1161,1184.1,78094,4775
30-09-2010,1200,1200,1148,1154.25,121604,6257
29-09-2010,1236.05,1238.9,1175,1185.15,101180,5189
28-09-2010,1100,1250,1100,1221.85,65355,4297
27-09-2010,1239.95,1241,1188.6,1230.5,240088,12852
24-09-2010,1335,1335,1215,1221,624692,25571
23-09-2010,1398,1398,1366.15,1371.9,26244,1318
22-09-2010,1345,1419.9,1345,1386.45,48497,2798
21-09-2010,1410,1414.95,1368,1384.4,32686,1986
20-09-2010,1425.1,1432.9,1401.55,1406.05,32911,1815
17-09-2010,1420,1432,1414.2,1421.25,37164,1832
16-09-2010,1430,1453,1404,1411,133228,6801
15-09-2010,1373.5,1446,1362,1419.65,199518,10042
14-09-2010,1374,1392,1361.15,1364.1,24190,1293
13-09-2010,1374,1384.8,1359.1,1370,21485,1399
09-09-2010,1380,1384.8,1362,1365.85,22944,1101
08-09-2010,1414,1415,1367,1371.3,55236,2583
07-09-2010,1374,1414,1361.5,1403.5,90091,5016
06-09-2010,1360,1384,1354.1,1365.65,25113,1396
03-09-2010,1360.9,1367.5,1347.15,1350.85,13125,905
02-09-2010,1364.9,1365,1348.1,1352.1,9140,655
01-09-2010,1373.9,1373.9,1345,1351.65,20762,1435
31-08-2010,1345,1385,1342.1,1357.2,41721,2328
30-08-2010,1395,1412,1345,1356.75,34115,2212
27-08-2010,1365,1408,1360,1376.25,61366,4128
26-08-2010,1352.1,1383.85,1347.15,1363.8,27042,1690
25-08-2010,1385,1392,1334,1352.1,34071,2181
24-08-2010,1429.7,1435,1375,1379.1,25020,1727
23-08-2010,1410.1,1445,1405,1416.35,33674,2264
20-08-2010,1354,1423,1354,1407.2,261447,4609
19-08-2010,1351,1362.85,1345.2,1354.35,13978,1072
18-08-2010,1362,1362,1338.05,1347.7,15290,1117
17-08-2010,1321,1362.5,1316.1,1346.95,40696,2693
16-08-2010,1328,1330,1302,1316.9,15201,1161
13-08-2010,1295.25,1345,1295.25,1319.65,48046,2523
12-08-2010,1260,1308,1240,1294.6,56465,3281
11-08-2010,1225,1285,1225,1260.95,114790,5684
10-08-2010,1205.05,1222.7,1205,1210.8,14819,929
09-08-2010,1231,1237.7,1209,1211.05,16199,1066
06-08-2010,1234,1249,1223,1229.9,24900,1145
05-08-2010,1235.6,1240,1228.1,1230.9,13241,874
04-08-2010,1221.5,1233.1,1216.3,1225.5,6748,618
03-08-2010,1240,1242,1210,1221.5,12774,889
02-08-2010,1229.95,1251,1222.1,1235.05,20730,1400
30-07-2010,1190,1235,1190,1220.25,28762,1699
29-07-2010,1240,1245,1191,1200.2,55713,2261
28-07-2010,1285,1289.4,1230.7,1234.45,26320,2152
27-07-2010,1266,1296,1263.1,1281.35,13404,1013
26-07-2010,1305.5,1305.5,1261,1263.6,15934,1320
23-07-2010,1322,1325.6,1290.2,1293.45,19653,1402
22-07-2010,1322,1322,1292.2,1313.4,18473,1329
21-07-2010,1332,1332,1317,1321.7,15584,1095
20-07-2010,1346,1348.2,1329,1334.25,4709,437
19-07-2010,1339,1350,1331.15,1336.5,5764,444
16-07-2010,1349,1352,1326,1340.55,13220,1098
15-07-2010,1359.6,1359.6,1345,1348.55,212084,959
14-07-2010,1386.45,1389.4,1350,1351.8,19265,1359
13-07-2010,1375.45,1394,1364,1373.55,9071,821
12-07-2010,1375,1378.9,1350,1372.8,15871,1076
09-07-2010,1363.1,1377.85,1358,1363.65,83403,691
08-07-2010,1377.15,1448,1355.55,1360.65,12564,767
07-07-2010,1366.8,1395,1349.05,1354.3,26924,1917
06-07-2010,1367,1378.8,1355,1365.35,13220,1106
05-07-2010,1346,1373.2,1346,1360.5,7823,709
02-07-2010,1349.5,1360,1335,1351.2,11042,843
01-07-2010,1301,1347.95,1301,1342.25,6308,618
30-06-2010,1322.9,1342.5,1317.55,1336.2,10475,744
29-06-2010,1355.1,1368,1314.05,1324,22215,1456
28-06-2010,1363,1371,1353.1,1363.15,10196,821
25-06-2010,1350,1375,1332.45,1351.65,17486,1151
24-06-2010,1368,1376.55,1341.2,1350,25207,1232
23-06-2010,1354,1363.9,1346.05,1358.15,13111,766
22-06-2010,1352.2,1369,1346.1,1353.75,18757,1129
21-06-2010,1352.1,1373,1352.1,1361.35,30735,1786
18-06-2010,1317.8,1353.7,1308.8,1341,57682,3155
17-06-2010,1309.9,1336,1306,1313.2,30832,1696
16-06-2010,1325,1326.45,1300.05,1304.95,20991,1226
15-06-2010,1335,1337,1312,1317.8,18927,1047
14-06-2010,1327.5,1340.7,1322.05,1327.65,17174,986
11-06-2010,1330,1340.9,1317,1327.1,29322,1484
10-06-2010,1317,1323.05,1298,1316.4,19920,1320
09-06-2010,1295,1325,1295,1302.85,21419,1368
08-06-2010,1325,1345,1294,1304.05,33944,1411
07-06-2010,1315,1330,1301,1324.85,23739,1354
04-06-2010,1344,1353.3,1320,1343,24047,1741
03-06-2010,1365,1377.05,1325,1333.75,42314,2341
02-06-2010,1350,1359,1309,1348.1,20474,1523
01-06-2010,1342,1361.9,1318,1319,39608,1892
31-05-2010,1314,1365,1275,1334.35,37373,1934
28-05-2010,1297.8,1336.9,1285.05,1320.15,46857,2432
27-05-2010,1250,1292,1250,1279.35,25987,1778
26-05-2010,1252,1270.9,1242.5,1264.3,19367,1394
25-05-2010,1295,1295,1228,1238.25,36292,2030
24-05-2010,1313,1339.95,1295.2,1308.55,22205,1288
21-05-2010,1270,1312,1257.2,1304.75,26374,1559
20-05-2010,1340,1359.9,1300,1304.7,46465,1917
19-05-2010,1375,1386.85,1325.5,1335.55,27768,1742
18-05-2010,1400,1420.95,1376.9,1386.75,24193,1649
17-05-2010,1390,1410,1361,1397,26004,1980
14-05-2010,1400.1,1455,1386.05,1399.1,63613,3394
13-05-2010,1435,1436,1397,1404.7,13035,1085
12-05-2010,1450,1509.7,1383.2,1397.35,37631,2286
11-05-2010,1440,1457,1423,1436.05,40803,2693
10-05-2010,1386.85,1434,1385,1424.15,26278,1941
07-05-2010,1420,1439.9,1345.55,1373.6,46112,3024
06-05-2010,1480,1480,1400.2,1441.9,35889,2350
05-05-2010,1479.95,1492,1441.25,1479.3,33767,2238
04-05-2010,1559.9,1566.85,1474,1488.3,40970,2371
03-05-2010,1551.8,1576,1538.15,1545.9,32702,1677
30-04-2010,1543.65,1569.95,1542,1558.6,28686,1727
29-04-2010,1538,1559,1526,1528.95,26438,1363
28-04-2010,1551.8,1568.6,1514.05,1523.5,27520,1503
27-04-2010,1549.9,1590.45,1548,1576.8,43031,2238
26-04-2010,1585,1590,1550,1557.55,13972,1028
23-04-2010,1570.1,1584,1554.45,1571.8,22882,1171
22-04-2010,1600,1607,1540.05,1566.85,37523,1848
21-04-2010,1590,1614.25,1571.05,1599,46334,2512
20-04-2010,1564.4,1587,1564,1577.85,34823,1648
19-04-2010,1570,1585,1542,1548.95,32860,1809
16-04-2010,1525,1626,1525,1591.25,127782,6503
15-04-2010,1544,1549,1512,1521.45,23643,1408
13-04-2010,1546.9,1554.95,1525.5,1529.85,13687,849
12-04-2010,1569.8,1570,1545,1547.75,10388,960
09-04-2010,1562.5,1578.5,1555.05,1558.9,12172,752
08-04-2010,1515.8,1588.3,1515.8,1562.45,30160,1758
07-04-2010,1589,1617.6,1564.1,1577.95,32026,2006
06-04-2010,1596.4,1609,1578,1583.25,19156,1112
05-04-2010,1592.25,1598,1575.65,1582.75,10565,774
01-04-2010,1585,1590,1562.05,1572.55,23771,1484
31-03-2010,1590,1602.2,1556.1,1569.75,47151,2858
30-03-2010,1649,1652,1586,1594.25,21799,1125
29-03-2010,1629.9,1641,1611.15,1630.95,42455,1736
26-03-2010,1624.9,1633,1602.15,1626.05,41413,2245
25-03-2010,1600,1614,1587.2,1592.05,34555,1902
23-03-2010,1625,1633.5,1584,1592.65,40675,2039
22-03-2010,1600,1632,1565,1621.65,21954,1239
19-03-2010,1650,1670,1628,1634.65,57130,3064
18-03-2010,1624,1649,1615,1643.85,84443,3710
17-03-2010,1576.8,1620,1575,1610.75,58291,3339
16-03-2010,1558,1582.95,1551.4,1572.5,20937,1311
15-03-2010,1542,1575.9,1540.1,1549.6,18764,1198
12-03-2010,1561,1575.85,1558.05,1569.7,21698,1079
11-03-2010,1555.1,1571,1543.1,1561.55,41599,2100
10-03-2010,1580,1603,1552,1560.15,42156,2258
09-03-2010,1530,1600,1530,1576.05,127382,6609
08-03-2010,1549.8,1560,1525.1,1540.2,28137,1714
05-03-2010,1557,1577.75,1523.1,1528.95,304357,2844
04-03-2010,1555,1573.9,1543.1,1561.25,25326,1405
03-03-2010,1565,1586.95,1542,1558.3,62271,3355
02-03-2010,1490.1,1558,1490.1,1543.8,58347,3502
26-02-2010,1489,1513.5,1473.1,1479.55,28189,1848
25-02-2010,1514.9,1514.9,1465.9,1474.25,32628,1830
24-02-2010,1498.05,1522,1498.05,1509.25,30393,1657
23-02-2010,1498,1528.05,1493.55,1511.05,234505,2846
22-02-2010,1497,1528,1491,1496.05,36292,1931
19-02-2010,1459,1505,1452,1497.3,68643,3650
18-02-2010,1498,1513.8,1455.2,1464.4,39871,2280
17-02-2010,1515.9,1538.95,1485.3,1495.2,45463,2434
16-02-2010,1500,1517,1492.3,1506.2,35067,2096
15-02-2010,1545,1548.55,1484.95,1490.95,58323,3610
11-02-2010,1467,1537,1462.1,1520.7,115990,6480
10-02-2010,1488,1498.9,1450,1450.65,50668,2570
09-02-2010,1392,1496,1385,1474.65,91813,4379
08-02-2010,1425,1428,1381.9,1392.45,44068,2117
06-02-2010,1424.95,1430,1412,1419,4523,327
05-02-2010,1430,1430,1367,1399.9,69452,3431
04-02-2010,1529,1536.95,1436.05,1453.2,39296,2427
03-02-2010,1510.25,1555,1510.25,1519.2,28004,1861
02-02-2010,1548.9,1587,1495,1503.85,42620,2588
01-02-2010,1521,1549,1504,1531.45,56957,3228
29-01-2010,1447.4,1540,1435,1527.05,61352,3583
28-01-2010,1470,1508.25,1431,1491.15,66377,4198
27-01-2010,1520,1530,1410,1441.55,55936,3382
25-01-2010,1589.8,1589.8,1514,1521.9,35955,2355
22-01-2010,1635,1635,1549.2,1569.25,80410,4442
21-01-2010,1640,1676.9,1624.1,1655.35,86822,3996
20-01-2010,1670.3,1696.8,1635,1642.85,63402,3206
19-01-2010,1681,1721.95,1650,1667.4,122127,5446
18-01-2010,1616,1694.4,1615,1681.6,130803,6856
15-01-2010,1584,1656.15,1575,1620.55,127307,5309
14-01-2010,1585,1598,1558.8,1575.45,34633,2027
13-01-2010,1525,1585,1525,1576.6,47046,2893
12-01-2010,1580,1604.4,1545,1552.2,69992,3624
11-01-2010,1590,1615,1563,1569.8,58008,3401
08-01-2010,1586,1615,1555.1,1572.4,118993,6071
07-01-2010,1567,1620,1526.5,1583.9,198105,9864
06-01-2010,1475,1580,1447,1567.5,203846,10203
05-01-2010,1436,1489.9,1425,1472.5,110239,6306
04-01-2010,1354.9,1427,1347.3,1415.55,75691,4744
31-12-2009,1367,1367,1339,1344.3,14697,905
30-12-2009,1363,1369.8,1349,1359.55,94713,1111
29-12-2009,1373,1374,1352,1362.8,14861,973
24-12-2009,1338.8,1375,1332.05,1359.75,55497,1945
23-12-2009,1328.25,1345,1324.9,1327.85,23094,1119
22-12-2009,1343,1350,1316,1322.05,12391,873
21-12-2009,1348,1349.9,1318.05,1332.5,29144,1185
18-12-2009,1360,1368.8,1328,1332.2,21743,1369
17-12-2009,1375,1396,1359,1365.55,27157,1740
16-12-2009,1330,1383.5,1315,1367.55,28477,2151
15-12-2009,1380.25,1380.25,1325,1337.4,21639,1559
14-12-2009,1370,1388,1365.6,1372.4,13386,1130
11-12-2009,1400,1400,1357.5,1371.1,11714,919
10-12-2009,1394.7,1394.7,1367,1378.75,21279,1207
09-12-2009,1383,1396,1357.2,1361.95,70156,1278
08-12-2009,1370,1395.9,1365,1381.95,18845,1175
07-12-2009,1421,1424,1350,1378.1,38359,2211
04-12-2009,1369.9,1425,1369.9,1415.65,65404,4103
03-12-2009,1338,1402,1336,1383.4,40841,2408
02-12-2009,1330,1360,1320,1327.1,28232,1845
01-12-2009,1309,1329.8,1298,1319.85,23403,1718
30-11-2009,1280.4,1314.05,1280.4,1298,48361,3190
27-11-2009,1331,1331,1244,1267.65,86923,4386
26-11-2009,1375,1396,1334,1349.4,32628,1669
25-11-2009,1385,1398,1374.75,1377.05,12719,918
24-11-2009,1403,1408,1375.2,1377.75,23822,1181
23-11-2009,1394,1418.5,1388,1399.95,26187,1569
20-11-2009,1374,1405.05,1362,1390.1,33844,2355
19-11-2009,1405,1426,1361.1,1374.4,32451,2154
18-11-2009,1440,1458,1400,1411.8,36559,2122
17-11-2009,1465,1470,1425,1438.35,62813,4064
16-11-2009,1410,1466.9,1377.05,1453.65,126638,6359
13-11-2009,1405,1425,1370,1403.9,89536,4885
12-11-2009,1382,1402,1360,1387.1,63792,3497
11-11-2009,1373.45,1390,1352.1,1379.7,34549,2080
10-11-2009,1365,1403.7,1330,1359.7,91789,5332
09-11-2009,1368,1375,1340,1358.2,44247,2382
06-11-2009,1290,1359.9,1270.5,1346.75,77905,4412
05-11-2009,1222,1275,1215,1267.9,31426,2059
04-11-2009,1200,1233,1188,1229.15,25783,1847
03-11-2009,1189,1221,1175,1185.9,43771,2443
30-10-2009,1179,1233,1172,1179.9,70068,3760
29-10-2009,1164.9,1198.8,1150.1,1167.25,42447,2290
28-10-2009,1178.5,1252.65,1158,1182.35,36501,2619
27-10-2009,1220,1226.9,1157.15,1189.2,42290,3132
26-10-2009,1275,1276,1223,1230.9,44795,2566
23-10-2009,1290,1310,1271,1276.55,18117,1377
22-10-2009,1310,1319.9,1263.05,1272.5,28872,2019
21-10-2009,1322,1343.15,1296,1308.7,42665,2851
20-10-2009,1350,1364,1310,1320.8,32384,2123
17-10-2009,1365,1365,1339.9,1346.55,11915,725
16-10-2009,1360,1382.9,1340,1344.8,73203,3569
15-10-2009,1347.7,1368.9,1333.1,1350.05,102212,3981
14-10-2009,1345,1354,1327.5,1337.6,42578,1939
12-10-2009,1322,1338.8,1300.45,1334.9,26279,1706
09-10-2009,1343.05,1365,1290,1300.45,62669,3787
08-10-2009,1294,1350.9,1287,1338,91227,5762
07-10-2009,1319,1319,1275,1284.15,39371,2962
06-10-2009,1311.25,1323.95,1264.45,1298.3,45457,3315
05-10-2009,1345,1352,1284.1,1298.7,57718,3555
01-10-2009,1388,1393.8,1352.5,1357.1,36941,2171
30-09-2009,1340,1403,1330.15,1385.5,149965,5783
29-09-2009,1350.25,1360,1314,1322.4,29172,1579
25-09-2009,1342,1375,1319.6,1333.35,49748,2598
24-09-2009,1355.3,1398,1337,1346.55,33655,2403
23-09-2009,1391,1402.9,1371,1376.6,15566,1285
22-09-2009,1393.95,1395,1375.1,1385.6,14986,1020
18-09-2009,1390,1404,1375.1,1379.9,27565,1479
17-09-2009,1424.9,1424.9,1360.1,1384.8,55698,2981
16-09-2009,1409,1425,1392.2,1411.05,44878,2747
15-09-2009,1409,1413,1378,1391,44780,2114
14-09-2009,1395,1410,1377,1393.5,21783,1536
11-09-2009,1401,1436,1374,1392.95,65419,3888
10-09-2009,1443,1452,1356.25,1382.95,91846,4417
09-09-2009,1485,1490,1421,1432.15,40116,2355
08-09-2009,1498.5,1519,1475.05,1481.25,28525,1929
07-09-2009,1477,1502,1470,1482.25,18027,1647
04-09-2009,1450,1479,1439,1463.8,24837,1908
03-09-2009,1482,1489,1431,1438.55,28366,2320
02-09-2009,1480,1494,1450,1463.05,22416,1693
01-09-2009,1518,1552.4,1460,1482.4,41463,3220
31-08-2009,1540,1549.9,1485,1504.4,34233,2537
28-08-2009,1524,1558,1524,1541.5,48018,2471
27-08-2009,1540,1575,1508.2,1518.55,81877,5458
26-08-2009,1460,1540,1460,1530.45,93017,4546
25-08-2009,1371,1490,1370,1442.3,41544,1935
24-08-2009,1441.9,1470,1437.05,1442.85,31379,1560
21-08-2009,1450,1450,1415.2,1427.95,23186,1694
20-08-2009,1465,1469.9,1402,1440,61604,3687
19-08-2009,1475,1480,1397,1417.4,35305,2530
18-08-2009,1469,1479,1426.5,1454.55,45232,2721
17-08-2009,1432.1,1494,1422,1463.8,72572,3329
14-08-2009,1520,1520,1259.95,1458.4,60308,3120
13-08-2009,1494.8,1548.9,1465.1,1507.35,99068,4070
12-08-2009,1463.1,1498,1407,1462.3,34170,2789
11-08-2009,1474.9,1518,1446.05,1472.6,31968,2591
10-08-2009,1555,1586,1445,1473.75,38203,3066
07-08-2009,1524,1611,1490,1538.75,74413,5039
06-08-2009,1589,1610,1501,1524.45,58812,3517
05-08-2009,1546.05,1622,1546.05,1606.5,115945,5830
04-08-2009,1500,1559.9,1480,1546.25,126121,4900
03-08-2009,1430,1495.25,1421,1485.6,73194,4027
31-07-2009,1375.2,1424,1375.2,1409.65,64591,3447
30-07-2009,1333,1388,1305.8,1354.7,142408,7125
29-07-2009,1340.1,1376.8,1295,1325.4,62082,3954
28-07-2009,1384,1404.9,1320,1331.95,43866,2544
27-07-2009,1400,1449,1360,1384.85,33504,2148
24-07-2009,1401,1454.7,1400,1418.15,32432,1745
23-07-2009,1440,1480,1409,1427.35,188459,2627
22-07-2009,1402,1474,1402,1433.35,76910,3959
21-07-2009,1365,1448.95,1365,1422.3,68524,4014
20-07-2009,1398,1410,1362.1,1387.85,101520,4717
17-07-2009,1270,1365.2,1270,1349.7,68646,3775
16-07-2009,1265,1309,1250,1274.75,36537,2360
15-07-2009,1185,1272,1185,1257.9,49926,2966
14-07-2009,1125,1178,1125,1171.9,34085,2371
13-07-2009,1050,1119,1015,1103.7,47793,3321
10-07-2009,1110.25,1144,1045.1,1083.25,37878,2731
09-07-2009,1146.7,1205,1118,1128.3,46927,2513
08-07-2009,1207,1226.3,1125.2,1146.7,57954,3839
07-07-2009,1300,1318.3,1200.1,1237.55,58536,4405
06-07-2009,1306,1360,1251,1278.5,91266,4791
03-07-2009,1290.1,1321,1280,1303.75,64403,3160
02-07-2009,1293,1368,1285,1316.15,54109,3384
01-07-2009,1326,1345,1258,1282.85,33311,2119
30-06-2009,1366,1389.8,1295.2,1307.3,23965,1839
29-06-2009,1380,1400,1352,1361.2,26159,1647
26-06-2009,1370,1394.25,1332.1,1377.35,42858,2738
25-06-2009,1360,1382.8,1285,1351.45,54254,3076
24-06-2009,1358,1377,1306,1340.7,47205,2959
23-06-2009,1225,1349.9,1190,1340.1,58576,3937
22-06-2009,1349,1364,1250,1258.7,42686,2417
19-06-2009,1261.4,1350,1250,1329.55,48559,2843
18-06-2009,1348,1348,1211,1246,54459,3245
17-06-2009,1428,1448,1298,1305.2,65381,3912
16-06-2009,1320,1425,1300,1409.65,52684,2966
15-06-2009,1354.9,1385,1321,1332.95,28072,1877
12-06-2009,1399,1450,1330,1351.6,61451,3521
11-06-2009,1480,1489,1366,1382.1,58711,3430
10-06-2009,1440,1545,1435,1464.5,87739,4869
09-06-2009,1399,1441.1,1380,1413.35,47182,2297
08-06-2009,1495,1495,1390,1402.55,54183,2037
05-06-2009,1470,1525.1,1461,1476.55,59504,2564
04-06-2009,1425,1475,1405,1448.45,39556,2525
03-06-2009,1480,1497,1425,1436.1,39869,2338
02-06-2009,1531,1550,1426,1443.6,65165,3950
01-06-2009,1499,1582,1480,1508.9,174037,6151
29-05-2009,1300,1519,1300,1446.5,149553,7752
28-05-2009,1310.1,1370,1292.05,1332.4,82862,3528
27-05-2009,1285,1370,1285,1326.9,76017,3907
26-05-2009,1365,1370,1232.1,1270.7,96133,5027
25-05-2009,1320,1378,1300,1325.35,100707,4655
22-05-2009,1220,1352,1155.55,1308.25,210226,11043
21-05-2009,1100,1278,1055,1226.45,146693,6282
20-05-2009,910,1109,900,1051.3,137473,5625
19-05-2009,855,962,765,923,264644,6876
18-05-2009,835,870,810,852.15,2029,47
15-05-2009,750,780.7,750,761.4,77441,3389
14-05-2009,725,745.8,706.4,739.1,41200,1984
13-05-2009,780,780,725.1,733.65,45215,2353
12-05-2009,724,769,712.45,759.35,118946,4688
11-05-2009,750,760,716.5,719.65,52366,2531
08-05-2009,760,780.4,726.3,737.5,86436,3503
07-05-2009,760,769,741,747.15,52289,2321
06-05-2009,765,788.2,740,746.1,100561,4243
05-05-2009,800,810,768.2,773.25,166664,7529
04-05-2009,730,804,703,792.05,360818,12326
29-04-2009,675,724,665,707.65,146672,5233
28-04-2009,672,705.9,637.2,661.75,116004,5126
27-04-2009,680,724.2,670,684.15,132368,5720
24-04-2009,690,701,670,685.95,70721,3352
23-04-2009,664.9,687.5,632.05,672.5,107990,3624
22-04-2009,680,694,640.85,655.75,80194,3741
21-04-2009,660,709.5,660,669.65,174828,5634
20-04-2009,693,709,665,678.5,79475,3619
17-04-2009,678,699,661.1,672.1,88674,3205
16-04-2009,715.05,734.8,630,655.2,155160,4413
15-04-2009,700,724.9,687,710.95,796743,5648
13-04-2009,691.1,734.9,686,713.45,163865,5328
09-04-2009,670.5,720.3,665,685,254402,7857
08-04-2009,632.25,685,632.25,667.85,109445,4166
06-04-2009,694.45,709.8,660,675.15,228614,7071
02-04-2009,645,703,645,679.55,453572,14462
01-04-2009,615,657.9,615,642.25,411900,12750
31-03-2009,575,648.55,575,619.9,856429,22291
30-03-2009,570,614.2,548.05,584.3,751044,22095
27-03-2009,535,601.25,500,567,5415997,32557
26-03-2009,536,540,515.25,521.65,31308,1518
25-03-2009,550,560,526,529.85,21342,1291
24-03-2009,564,582,536.1,541.8,38084,2393
23-03-2009,565,594.95,548.5,555.8,60572,2221
20-03-2009,530,562,498,548.55,72179,3447
19-03-2009,524.85,532,514.8,520.7,18310,801
18-03-2009,505,525.95,504,516.15,21508,1206
17-03-2009,504,527.75,486,500.9,30672,2209
16-03-2009,479.05,504,479.05,500.2,21581,1250
13-03-2009,476,479,465,472.2,11690,723
12-03-2009,455,474,455,464.1,174119,1192
09-03-2009,440,456,438,447.65,10931,990
06-03-2009,435.2,459.9,432.6,443.55,33016,2097
05-03-2009,425.5,448,425.5,443.95,29712,1570
04-03-2009,425,437.75,421.8,428.85,12811,941
03-03-2009,419,434.5,417,421.4,10683,829
02-03-2009,425,444,416,419.6,31963,1949
27-02-2009,429,433.85,415.25,423.6,11270,670
26-02-2009,435.1,440,422.5,428.9,39405,1034
25-02-2009,442,449,435.05,437.25,28657,506
24-02-2009,450.05,450.05,436,437.55,32312,646
20-02-2009,470.1,471.1,451,453.85,33455,793
19-02-2009,478.25,488,475.1,476.3,17253,396
18-02-2009,478,489.8,466,483.95,33481,827
17-02-2009,505.95,505.95,481.1,485.25,10689,677
16-02-2009,509.45,527,502.1,510.5,37233,935
13-02-2009,520,531,512.05,514.6,33030,768
12-02-2009,516,537.9,510,518.6,36541,1403
11-02-2009,520,533.7,501,519.9,172443,2694
10-02-2009,511,538.9,497,515.25,83852,3860
09-02-2009,444,524.6,442,508.3,93841,3524
06-02-2009,448,450,434.5,440.85,13204,874
05-02-2009,460,460,433,446.15,15301,1090
04-02-2009,463.9,464,440.9,443.5,23746,1134
03-02-2009,465,474.95,451,453.35,15064,1014
02-02-2009,469,478.85,453.05,459.1,9356,785
30-01-2009,473,491.75,457.1,478.7,56775,2877
29-01-2009,505.9,508.9,475,482.55,16777,1184
28-01-2009,482.05,512,477.1,496.45,37683,1857
27-01-2009,466,486.1,460,480.1,18897,1198
23-01-2009,460.1,474,404,464.7,171023,3041
22-01-2009,473,480,458,460.1,9378,568
21-01-2009,467,476.85,467,471.55,7295,455
20-01-2009,473.9,480,462.1,475.35,8205,541
19-01-2009,484.8,484.8,475.15,479.05,7655,510
16-01-2009,509.95,509.95,463.1,478.4,71916,1311
15-01-2009,476,484.7,470,472.65,17072,950
14-01-2009,488,495,482,491.3,17510,961
13-01-2009,491,513.9,455.05,484.95,90832,3180
12-01-2009,495,507,495,499.65,40286,1011
09-01-2009,505.5,519,495,502.4,52387,1699
07-01-2009,539.45,554.7,500,513.5,81304,2773
06-01-2009,536.15,558.7,530.25,539.45,76385,3942
05-01-2009,526,546,518.1,536.15,90574,4358
02-01-2009,523,525,510,514.55,26900,1953
01-01-2009,505,522.5,501.7,517.65,33511,1962
31-12-2008,520,528,496,499,60862,3167
30-12-2008,520,535.8,509,511.9,60283,3584
29-12-2008,514.95,530,485.3,511.45,61510,3849
26-12-2008,558,560,502.35,505.7,50328,3354
24-12-2008,580,580,540,547.25,26310,1800
23-12-2008,549,572,547.7,558.9,44661,2717
22-12-2008,555.4,583,541.1,549.2,90254,3979
19-12-2008,529,557,525,544.65,55345,2892
18-12-2008,503,533,482.2,528.65,81950,4162
17-12-2008,552,564,500,502.55,155192,4442
16-12-2008,529,568.9,525.25,542.05,119699,4593
15-12-2008,485,534.7,485,522.9,637130,6269
12-12-2008,490,497,471,480.95,38200,1816
11-12-2008,530,549.8,492.15,498.45,60735,2991
10-12-2008,534,534.7,520.3,523.25,105950,1948
08-12-2008,535.1,540,517,521.2,59205,1362
05-12-2008,528.8,542,507.1,519.7,39600,1940
04-12-2008,518.75,536.9,517,526.2,50089,2023
03-12-2008,565,565,507,523.25,28699,1795
02-12-2008,534.05,557,499,542.15,16164,1699
01-12-2008,595.2,604.95,536.1,544.7,15878,1230
28-11-2008,599.2,621,580,587.6,11972,849
26-11-2008,615.3,627.7,578.05,599.2,20296,1175
25-11-2008,638,645,600,607.4,52011,1324
24-11-2008,640,672,610,616.45,12587,892
21-11-2008,600.75,660,600.75,645.95,14749,1156
20-11-2008,608,615.5,599,600.75,81419,745
19-11-2008,620,662.05,620,627.15,11818,1109
18-11-2008,680,686,615,640.45,14528,970
17-11-2008,700,700,670,689.35,17560,701
14-11-2008,693,700,677.2,689.2,18819,1004
12-11-2008,665,680,637.1,665.4,33303,1522
11-11-2008,689.7,694,672.05,676.25,17392,878
10-11-2008,700.05,710,672,691.7,30758,1957
07-11-2008,700,731,666.1,684.1,36954,2078
06-11-2008,678,744,645.05,718.25,28063,2003
05-11-2008,710.9,729,680.05,699.85,51886,2744
04-11-2008,626,708,620,675,93479,5976
03-11-2008,549.7,644,541,625.95,196058,3949
31-10-2008,500,540,495,510.95,153051,2294
29-10-2008,514,520,460,481.05,17767,1168
28-10-2008,495.55,519.9,491,504.65,6189,388
27-10-2008,480,505,426,463.45,33784,1649
24-10-2008,540,544,475,513,59544,2078
23-10-2008,568,590,547,560.9,42115,1819
22-10-2008,645,650,586.1,592.15,18644,1289
21-10-2008,660,687.95,654.9,663.75,29473,960
20-10-2008,679,690,630,643.8,28166,1265
17-10-2008,751,751,653,660,28713,1736
16-10-2008,760,760,653.1,710.25,37794,2432
15-10-2008,804,826,765.05,790.65,123729,1967
14-10-2008,775,832.6,775,804.4,27325,1478
13-10-2008,720,751,700,746.85,26841,1099
10-10-2008,700,720,650,680.2,30630,1848
08-10-2008,834,842,676,763.4,42016,2259
07-10-2008,995,1007,841.1,877.05,17929,1797
06-10-2008,1000,1015,950,961.05,28438,738
03-10-2008,1060,1064,1022,1040.55,25464,989
01-10-2008,1035,1105,1035,1067.9,18786,1257
30-09-2008,1000,1098,980,1034.75,17284,1318
29-09-2008,1213.2,1230,1060,1071.35,25463,1863
26-09-2008,1325,1325,1216,1225.5,178356,1358
25-09-2008,1369,1369,1316.1,1325.55,117749,822
24-09-2008,1375,1375,1343,1348.7,10128,494
23-09-2008,1358,1375.5,1356,1366.85,17601,493
22-09-2008,1410,1410,1360,1366.4,11059,667
19-09-2008,1424,1440,1380,1392.5,167456,1208
18-09-2008,1339,1395,1339,1382.15,9739,747
17-09-2008,1411,1418,1353,1371,12004,960
16-09-2008,1361,1414,1334,1396.6,16348,1228
15-09-2008,1465,1465,1375,1414.95,29659,1178
12-09-2008,1506,1506,1455.5,1463.95,120167,620
11-09-2008,1505.45,1530,1494.2,1499.5,17255,813
10-09-2008,1535,1540,1435,1523.15,17155,972
09-09-2008,1482,1532,1482,1519.25,25062,1851
08-09-2008,1499,1512.9,1483.05,1488.05,14205,1141
05-09-2008,1450,1488.5,1440,1469.2,44456,2760
04-09-2008,1424,1468,1410.2,1458.75,36634,1672
02-09-2008,1421,1429.85,1406.05,1421.35,8422,478
01-09-2008,1420,1434,1391,1413.2,7063,761
29-08-2008,1424,1440,1410.05,1424,9383,844
28-08-2008,1434.85,1448.9,1377,1392.7,21170,1679
27-08-2008,1425,1462.35,1418.5,1427.2,22760,1597
26-08-2008,1419,1435.95,1395,1422.75,11301,740
25-08-2008,1432,1443,1410,1429.45,14653,613
22-08-2008,1409,1419.8,1400,1401,4729,505
21-08-2008,1420.1,1435,1401,1406.05,4083,414
20-08-2008,1430,1445.9,1430,1435,8506,396
19-08-2008,1419,1430,1396.25,1419.65,9061,632
18-08-2008,1425.1,1445,1413,1422.4,13199,654
14-08-2008,1475.2,1489,1404.35,1421.45,33863,2211
13-08-2008,1415,1482.45,1415,1475.2,45804,3014
12-08-2008,1446,1457.2,1398,1427.85,38909,1527
11-08-2008,1415,1444,1415,1439.45,20749,1197
08-08-2008,1380,1432,1372,1402.85,32534,2506
07-08-2008,1390,1410,1356,1370.3,33834,2354
06-08-2008,1450,1478,1375,1382.35,30954,2407
05-08-2008,1447.7,1462.9,1405,1417.7,19724,1329
04-08-2008,1457.9,1486,1426,1434.1,19183,1379
01-08-2008,1450,1490,1420,1472.65,14752,1286
31-07-2008,1488,1490,1428,1441.15,18869,1052
30-07-2008,1489,1504.8,1475,1487.1,35220,743
29-07-2008,1458,1486,1451,1458,7212,569
28-07-2008,1488,1520,1488,1493.05,6879,518
25-07-2008,1505,1530,1475,1488.65,8271,563
24-07-2008,1625,1643,1507,1521.1,32718,1533
23-07-2008,1510,1605,1501,1590.4,29030,2215
22-07-2008,1400,1507,1384.15,1483.25,24619,2113
21-07-2008,1474.5,1476,1365,1406.15,33075,2300
18-07-2008,1433,1495,1425,1438.1,22453,1677
17-07-2008,1480,1508,1417.3,1428.9,25649,1865
16-07-2008,1536,1556,1427,1453.15,32513,2512
15-07-2008,1657,1657,1502,1516.95,27262,1421
14-07-2008,1725,1725,1665,1670.1,12664,681
11-07-2008,1780,1798,1699,1709.25,10246,802
10-07-2008,1790,1810,1752.15,1770.15,9144,973
09-07-2008,1850,1900.05,1763.15,1804.5,33659,2493
08-07-2008,1751,1841.9,1751,1832.95,11343,1023
07-07-2008,1767,1835,1745,1814.2,22067,1661
04-07-2008,1718.1,1769.85,1715,1739.55,11201,842
03-07-2008,1780,1790,1680.1,1752.4,20136,1564
02-07-2008,1651.5,1810,1610.05,1789.65,25299,1904
01-07-2008,1690,1728.5,1611,1668.2,23807,1450
30-06-2008,1655.7,1705,1650,1679.95,30024,849
27-06-2008,1640.1,1690,1601.05,1646.7,17786,1358
26-06-2008,1660,1741,1660,1698.55,29714,1743
25-06-2008,1516,1660,1516,1649.65,11830,1040
24-06-2008,1535,1585,1535,1554.85,21873,473
23-06-2008,1565,1600,1535,1578.15,22520,667
20-06-2008,1664.7,1680,1560.15,1596.15,11832,598
19-06-2008,1669.7,1680,1620,1633.6,4877,493
18-06-2008,1710,1750,1660.1,1678.25,19429,1630
17-06-2008,1579.95,1740,1567,1702.5,36747,1976
16-06-2008,1575,1580,1551.75,1570.05,20231,396
13-06-2008,1525.5,1581,1503.15,1536.4,13993,1034
12-06-2008,1490.2,1548,1476,1525,22714,669
11-06-2008,1543.5,1543.7,1511.6,1516.4,28065,598
10-06-2008,1518,1565,1475,1516.1,28545,690
09-06-2008,1507.05,1594,1507.05,1545.55,7668,555
06-06-2008,1630,1639.95,1585,1595.15,3301,339
05-06-2008,1640,1650,1590,1618.35,29021,658
04-06-2008,1690,1708,1642.5,1650.7,4203,386
03-06-2008,1711,1714.8,1647,1700.25,10264,717
02-06-2008,1757.7,1757.7,1720.1,1730.35,4946,325
30-05-2008,1759.7,1786,1711.1,1736.15,17305,1001
29-05-2008,1745,1764.95,1721,1734.7,3322,381
28-05-2008,1735,1779.5,1701,1753.6,8697,659
27-05-2008,1727.15,1747.95,1720,1730.8,4459,309
26-05-2008,1720,1733.9,1701.05,1722.8,4014,351
23-05-2008,1753.7,1766.9,1721,1733.15,9731,491
22-05-2008,1746,1768.9,1735.1,1743.1,6464,542
21-05-2008,1755,1785,1742,1762.75,9035,603
20-05-2008,1769,1795,1745.5,1763.35,6402,524
16-05-2008,1800,1824,1761.1,1774.2,21227,1608
15-05-2008,1780.1,1835,1735,1767.2,43875,2524
14-05-2008,1750,1805,1750,1788.5,8957,737
13-05-2008,1829.9,1830,1742.5,1756.35,11806,826
12-05-2008,1750,1827,1731.75,1809.05,12303,946
09-05-2008,1824.4,1870,1761,1767.1,13823,1101
08-05-2008,1747,1845,1711,1826.6,16504,1190
07-05-2008,1842,1848.9,1784.05,1789.25,6680,634
06-05-2008,1895,1910,1820,1837.95,8326,714
05-05-2008,1875,1945.85,1821,1896.7,51694,3245
02-05-2008,1769,1881,1740,1860.4,42259,2541
30-04-2008,1760,1769.9,1726,1741.75,6975,513
29-04-2008,1728.1,1774,1724,1748.75,10066,461
28-04-2008,1750,1815,1725.1,1735.65,16794,1018
25-04-2008,1752,1774.5,1720,1731.2,3922,388
24-04-2008,1785,1795,1741.1,1755.85,7982,518
23-04-2008,1799,1804.7,1761.1,1779.95,27823,721
22-04-2008,1770,1804.85,1741,1782.25,19251,998
21-04-2008,1760,1780,1729,1758.8,8490,444
17-04-2008,1725,1745,1700,1733.75,6856,556
16-04-2008,1699.7,1717.9,1681,1687,4743,437
15-04-2008,1625,1680,1600,1671.1,7278,434
11-04-2008,1699,1719.85,1675,1689.2,4895,544
10-04-2008,1690,1739.35,1682.2,1688.3,43988,729
09-04-2008,1665,1714.95,1646,1705.2,9739,623
08-04-2008,1700,1705,1639,1656.65,6060,705
07-04-2008,1657.7,1740,1571,1684.8,19016,1904
04-04-2008,1631,1646,1625.05,1636,11376,396
03-04-2008,1650,1651,1630,1642,21705,496
02-04-2008,1665,1669.5,1630,1640.15,13558,615
01-04-2008,1639.9,1639.9,1590,1602.65,7086,727
31-03-2008,1665,1689.9,1580,1603.25,64869,2604
28-03-2008,1500,1692,1500,1654.4,80368,5926
27-03-2008,1428,1523.7,1420,1486.95,48553,2833
26-03-2008,1384,1462,1360,1434.5,43415,1733
25-03-2008,1389.6,1462,1353,1377.7,26476,1549
24-03-2008,1390,1406,1340,1380.6,46135,930
19-03-2008,1475,1475,1370,1383.25,21063,1058
18-03-2008,1425,1464.95,1395,1412.25,16993,938
17-03-2008,1480.5,1504.9,1415,1423,19796,1143
14-03-2008,1515,1545,1475.1,1531.15,22999,1326
13-03-2008,1615,1615,1480,1496.75,51673,2272
12-03-2008,1725.5,1769,1620,1639.05,17466,1170
11-03-2008,1631,1710,1611.6,1673.25,32616,1441
10-03-2008,1750,1768,1622.5,1644.45,48417,1995
07-03-2008,1871,1871,1750,1798.1,52165,1635
05-03-2008,1806,1952,1780,1926.15,22523,1893
04-03-2008,1915,1915,1725,1818.6,84808,2097
03-03-2008,1945,2005,1905,1919,124558,1121
29-02-2008,2099,2120,1983,2034.35,22749,1278
28-02-2008,2190,2190,2098,2111.35,114867,768
27-02-2008,2220,2220,2162.1,2186.15,10934,538
26-02-2008,2170,2224,2162,2184.85,20729,727
25-02-2008,2180.05,2190,2130.1,2151.55,8543,338
22-02-2008,2169,2180,2141.05,2167.8,2670,231
21-02-2008,2224,2224,2165.05,2184.05,6322,346
20-02-2008,2200,2200,2150.1,2181.2,8483,407
19-02-2008,2239.7,2259,2175.05,2179.95,9398,683
18-02-2008,2215,2249.7,2185.05,2191.85,5939,389
15-02-2008,2055,2209,2055,2179.6,16534,1017
14-02-2008,2059.7,2125,2059.7,2092.8,8021,445
13-02-2008,2002.05,2055,2000,2016.35,9378,399
12-02-2008,2005,2100,1990.1,2012.3,18337,546
11-02-2008,2140,2140,2020,2071.5,17776,691
08-02-2008,2200,2222,2115,2155.9,27980,864
07-02-2008,2242,2300,2175,2196.8,19778,1151
06-02-2008,2188,2320,2106,2242.3,22379,1715
05-02-2008,2165.1,2267,2165,2245,13813,907
04-02-2008,2250,2281.2,2181.5,2212.6,24762,1710
01-02-2008,2160,2245,2095,2215.95,26876,1376
31-01-2008,2189.7,2190,2090,2136.2,23777,595
30-01-2008,2155,2175,2140,2159.05,14987,422
29-01-2008,2222.05,2230,2130,2181.5,9852,476
28-01-2008,2125,2222,2060,2177.2,21487,801
25-01-2008,2030,2205,2025,2188.05,26732,967
24-01-2008,2120,2140,1960,2001,41397,1186
23-01-2008,2020,2120,1900,2092.2,44126,1449
22-01-2008,1950,2099,1740,1930.5,89058,1387
21-01-2008,2400,2400,1911.45,2148.8,76291,2283
18-01-2008,2395,2435,2325,2359.8,24592,978
17-01-2008,2424.4,2424.4,2335.05,2350.25,12866,846
16-01-2008,2345.1,2400,2320,2376,23137,905
15-01-2008,2399.7,2435,2350,2354.55,10003,705
14-01-2008,2429,2429,2356.1,2368.7,12507,576
11-01-2008,2409.7,2439.7,2345,2405.7,26770,860
10-01-2008,2477.7,2508,2351.5,2373.2,19888,945
09-01-2008,2488,2530,2421,2462.95,11178,775
08-01-2008,2541,2561,2450,2465.65,15139,801
07-01-2008,2559,2580,2510,2523.25,31561,879
04-01-2008,2628.3,2648,2555,2566.3,19476,953
03-01-2008,2648,2651.5,2600.05,2604.65,32622,1049
02-01-2008,2689,2689,2610,2651.45,57231,1495
01-01-2008,2638,2689.9,2600,2656.75,44569,2433
31-12-2007,2599,2660,2555,2619.55,86744,3975
28-12-2007,2395,2600,2395,2577.4,107090,3962
27-12-2007,2499,2507.7,2399,2411.6,25916,1432
26-12-2007,2490,2513.5,2456,2479.15,22109,1076
24-12-2007,2445,2460,2410,2442.25,12994,695
20-12-2007,2424.4,2449.95,2388,2412.4,15596,990
19-12-2007,2474.7,2475,2360,2396.85,23589,1158
18-12-2007,2450,2480,2350,2425.65,33802,1644
17-12-2007,2600,2614.4,2401.25,2431.65,58503,2366
14-12-2007,2539.4,2625,2535,2600.8,109131,2685
13-12-2007,2540,2584,2520,2529.8,81847,2391
12-12-2007,2479,2530,2435,2508.6,41765,1293
11-12-2007,2510,2560,2455,2486.25,73913,2805
10-12-2007,2425,2530,2411,2479.45,127681,4554
07-12-2007,2429,2429,2370,2401.65,220791,894
06-12-2007,2429,2430,2382,2392.85,47629,909
05-12-2007,2375,2415,2375,2389.5,45278,926
04-12-2007,2450,2450,2377.55,2387.55,27080,850
03-12-2007,2446,2501,2400,2409.7,35355,1197
30-11-2007,2375,2460,2198,2447.2,34267,1698
29-11-2007,2474,2490,2306,2331.4,31598,1995
28-11-2007,2388,2430,2351,2375.9,15080,826
27-11-2007,2391.45,2410,2342.1,2351.6,4590,444
26-11-2007,2335.25,2401,2327.5,2387.1,16239,1120
23-11-2007,2324,2342,2265,2310.25,20657,887
22-11-2007,2360,2380,2220,2278.8,39035,1433
21-11-2007,2469.7,2520,2331.5,2372.65,19115,996
20-11-2007,2470,2540,2465,2478.45,15122,874
19-11-2007,2499,2555,2470,2494.05,21262,1053
16-11-2007,2450.7,2528.9,2426,2476.4,14867,781
15-11-2007,2490,2498,2452,2477.65,12794,698
14-11-2007,2430,2489,2400,2469.4,25831,1353
13-11-2007,2350,2414.9,2345,2375.2,20439,1270
12-11-2007,2370,2370,2270,2342.3,28790,1332
09-11-2007,2449.7,2460,2360,2397.55,6369,598
08-11-2007,2455,2469,2385,2413.9,14353,1214
07-11-2007,2589.7,2619,2470.05,2491.8,15027,1049
06-11-2007,2600.1,2635,2525,2543.9,18354,1532
05-11-2007,2600,2649.9,2540.1,2552.85,25950,1858
02-11-2007,2550,2640,2521.25,2587.5,60617,2505
01-11-2007,2625,2745,2550,2583.05,92966,4440
31-10-2007,2621,2650,2575,2587.8,57879,1933
30-10-2007,2625,2660,2580,2602.05,99668,2669
29-10-2007,2589,2649,2589,2609.8,30380,1976
26-10-2007,2558,2594.9,2511,2568.75,21191,1744
25-10-2007,2550,2590,2501.1,2534.55,27347,2039
24-10-2007,2550,2590,2480,2536,21525,1569
23-10-2007,2460,2535,2460,2516.6,23773,1944
22-10-2007,2355.55,2444.7,2304,2408.4,23702,2035
19-10-2007,2470,2519,2375,2407.95,36725,2960
18-10-2007,2649.9,2780,2400,2475.25,75473,4385
17-10-2007,2512.3,2699,2400,2652.45,63016,3515
16-10-2007,2693,2750,2675,2712.75,55168,3525
15-10-2007,2625,2710,2608,2693.7,72973,3507
12-10-2007,2560,2639.9,2520,2590.45,140923,5645
11-10-2007,2500,2638,2492,2552.65,278915,6263
10-10-2007,2548,2564,2475,2491.45,176789,3698
09-10-2007,2480,2560,2416,2503.35,312764,5647
08-10-2007,2680,2699,2451.2,2505.05,300925,4662
05-10-2007,2731.1,2762,2635.1,2648.95,66239,2172
04-10-2007,2690,2855,2660,2721.6,130563,5386
03-10-2007,2739,2773.8,2512.05,2689.5,41035,2363
01-10-2007,2775,2790,2670,2700.15,92273,3146
28-09-2007,2650,2775,2612.55,2761.05,86214,4254
27-09-2007,2679.9,2698,2580,2602.4,23347,1596
26-09-2007,2655,2740,2640.2,2649.8,29016,1839
25-09-2007,2735,2744,2591,2654,32841,2672
24-09-2007,2725,2774.8,2705.1,2731.05,31789,2131
21-09-2007,2700,2810,2690,2711.45,119472,5148
20-09-2007,2530,2742,2510,2691.5,137822,9164
19-09-2007,2560,2581,2491,2501.95,37609,2167
18-09-2007,2416,2522,2416,2504.95,35468,2607
17-09-2007,2450,2475,2420,2422.6,15622,1191
14-09-2007,2525,2547.7,2417.5,2449.7,351776,1760
13-09-2007,2540,2544,2500,2505,50327,1335
12-09-2007,2560,2565,2511.25,2525.25,23008,1496
11-09-2007,2568,2585,2512.1,2534.5,37543,2383
10-09-2007,2449,2551,2425.25,2537.3,42066,3042
07-09-2007,2522,2534.8,2455,2468.5,29093,1964
06-09-2007,2500,2540,2484.25,2495.3,52826,2652
05-09-2007,2550,2580,2484.2,2516.9,58998,3537
04-09-2007,2602,2634,2510,2537.65,76848,4634
03-09-2007,2485,2600,2465,2589.5,80839,4900
31-08-2007,2370,2480,2370,2463.05,74941,3843
30-08-2007,2350,2418,2305,2380.35,100453,5589
29-08-2007,2240,2349,2195,2313.25,107070,6567
28-08-2007,2108,2300,2085.1,2282.85,195493,8602
27-08-2007,2070,2109,2070,2090.5,75787,2052
24-08-2007,2080,2089.9,2015,2040.1,85271,2643
23-08-2007,2050.1,2135,2010,2030,113660,4604
22-08-2007,2075,2075,1964.4,2019.75,65578,3382
21-08-2007,2170,2198.9,2036,2054.5,47432,2793
20-08-2007,2205.3,2280,2155.5,2173.55,32123,1839
17-08-2007,2125,2220,2002,2140.65,75586,4663
16-08-2007,2300,2300,2175,2201.25,109113,3855
14-08-2007,2380,2380,2310,2323.7,20598,1430
13-08-2007,2370,2410,2341,2350.6,19310,1378
10-08-2007,2310,2355,2250,2339.8,93494,3764
09-08-2007,2494.8,2550,2351,2379.35,64338,3885
08-08-2007,2475,2500,2450,2461.75,14426,1125
07-08-2007,2489,2509.8,2430,2438.8,17177,1247
06-08-2007,2470,2480,2421.55,2449.25,26260,1803
03-08-2007,2475,2545.5,2475,2526.65,49112,2248
02-08-2007,2400,2475,2395,2450.55,31766,2058
01-08-2007,2550,2550,2361,2396.35,55919,3679
31-07-2007,2520,2558.9,2496,2537.45,67891,2682
30-07-2007,2540,2551.1,2469.95,2501.1,125276,3822
27-07-2007,2749,2750,2515,2566.4,128920,4088
26-07-2007,2818,2837,2700.15,2725.7,64355,1753
25-07-2007,2799.7,2819,2761.05,2791.7,35117,1165
24-07-2007,2865,2875,2810,2818.85,18422,953
23-07-2007,2861,2884,2839.7,2855.55,19041,910
20-07-2007,2925,2941.5,2835.3,2865.75,110951,2458
19-07-2007,2877,2910,2863,2892.85,48513,2266
18-07-2007,2800,2865,2795,2849.5,102645,3308
17-07-2007,2800,2836,2795.05,2802.7,88728,1474
16-07-2007,2855,2874,2776,2787.35,39487,2244
13-07-2007,2930,2945,2825,2844.6,138620,2385
12-07-2007,2865,2918,2850,2892.55,98031,2415
11-07-2007,2856,2883,2830,2849.8,48939,1835
10-07-2007,2874.7,2925,2853.1,2862.7,56948,2846
09-07-2007,2897.9,2899,2840.1,2852.1,73384,2367
06-07-2007,2876,2947.9,2856,2876.1,78829,2400
05-07-2007,2977,2980,2825,2879.8,43334,2324
04-07-2007,2988.9,2988.9,2901,2914.9,41715,1960
03-07-2007,2971.15,3011,2955,2967.7,91002,2923
02-07-2007,3025.1,3034,2939.5,2955.4,118775,4172
